title;author;publisher;isbn;barcode;category;year;language;pages;shelf;copies;status;keywords;description
Şeker Portakalı;Jose Mauro De Vasconcelos;Can Yayınları;9789750743108;EBS-KTP-0001;Roman;2020;Türkçe;208;;1;Aktif;;
Simyacı;Paulo Coelho;Can Yayınları;9789750726439;EBS-KTP-0002;Roman;2010;Türkçe;188;;1;Aktif;;
1984;George Orwell;Can Yayınları;9789750718533;EBS-KTP-0003;Roman;2000;Türkçe;352;;1;Aktif;;
Kırmızı Pazartesi;Gabriel Garcia Marquez;Can Yayınları;;EBS-KTP-0004;Roman;0;Türkçe;0;;1;Aktif;;
Kendine Ait Bir Oda;Virginia Woolf;Can Yayınları;;EBS-KTP-0005;Deneme;0;Türkçe;0;;1;Aktif;;
Jane Eyre;Charlotte Bronte;Can Yayınları;;EBS-KTP-0006;Roman;0;Türkçe;0;;1;Aktif;;
Martin Eden;Jack London;Can Yayınları;;EBS-KTP-0007;Roman;0;Türkçe;0;;1;Aktif;;
Prens;Niccolo Machiavelli;Can Yayınları;;EBS-KTP-0008;Felsefe / Siyaset;0;Türkçe;0;;1;Aktif;;
Ermiş’in Aşk Mektupları;Halil Cibran;Can Yayınları;;EBS-KTP-0009;Edebiyat;0;Türkçe;0;;1;Aktif;;
Gurur ve Önyargı;Jane Austen;Türkiye İş Bankası Kültür Yayınları;;EBS-KTP-0010;Hasan Âli Yücel Klasikleri;0;Türkçe;0;;1;Aktif;;
Bir İdam Mahkûmunun Son Günü;Victor Hugo;Türkiye İş Bankası Kültür Yayınları;;EBS-KTP-0011;Hasan Âli Yücel Klasikleri;0;Türkçe;0;;1;Aktif;;
Suç ve Ceza;Fyodor Mihayloviç Dostoyevski;Türkiye İş Bankası Kültür Yayınları;;EBS-KTP-0012;Hasan Âli Yücel Klasikleri;0;Türkçe;0;;1;Aktif;;
İrade Eğitimi;Jules Payot;Türkiye İş Bankası Kültür Yayınları;;EBS-KTP-0013;Hasan Âli Yücel Klasikleri;0;Türkçe;0;;1;Aktif;;
İnsan Neyle Yaşar?;Lev Nikolayeviç Tolstoy;Türkiye İş Bankası Kültür Yayınları;;EBS-KTP-0014;Hasan Âli Yücel Klasikleri;0;Türkçe;0;;1;Aktif;;
Mutlu Yaşam Üzerine – Yaşamın Kısalığı Üzerine;Seneca;Türkiye İş Bankası Kültür Yayınları;;EBS-KTP-0015;Hasan Âli Yücel Klasikleri;0;Türkçe;0;;1;Aktif;;
Türlerin Kökeni;Charles Darwin;Türkiye İş Bankası Kültür Yayınları;;EBS-KTP-0016;Bilim / Klasikler;0;Türkçe;0;;1;Aktif;;
Genç Werther’in Acıları;Johann Wolfgang von Goethe;Türkiye İş Bankası Kültür Yayınları;;EBS-KTP-0017;Hasan Âli Yücel Klasikleri;0;Türkçe;0;;1;Aktif;;
Emma;Jane Austen;Türkiye İş Bankası Kültür Yayınları;;EBS-KTP-0018;Hasan Âli Yücel Klasikleri;0;Türkçe;0;;1;Aktif;;
İki Şehrin Hikâyesi;Charles Dickens;Türkiye İş Bankası Kültür Yayınları;;EBS-KTP-0019;Hasan Âli Yücel Klasikleri;0;Türkçe;0;;1;Aktif;;
Tembellik Hakkı;Paul Lafargue;Türkiye İş Bankası Kültür Yayınları;;EBS-KTP-0020;Hasan Âli Yücel Klasikleri;0;Türkçe;0;;1;Aktif;;
Retorik;Aristoteles;Türkiye İş Bankası Kültür Yayınları;;EBS-KTP-0021;Felsefe / Klasikler;0;Türkçe;0;;1;Aktif;;
Moby Dick ya da Balina;Herman Melville;Türkiye İş Bankası Kültür Yayınları;;EBS-KTP-0022;Hasan Âli Yücel Klasikleri;0;Türkçe;0;;1;Aktif;;
Dorian Gray’in Portresi;Oscar Wilde;Türkiye İş Bankası Kültür Yayınları;;EBS-KTP-0023;Hasan Âli Yücel Klasikleri;0;Türkçe;0;;1;Aktif;;
Monte Cristo Kontu – 2 Cilt;Alexandre Dumas;Türkiye İş Bankası Kültür Yayınları;;EBS-KTP-0024;Hasan Âli Yücel Klasikleri;0;Türkçe;0;;1;Aktif;;
Karamazov Kardeşler;Fyodor Mihayloviç Dostoyevski;Türkiye İş Bankası Kültür Yayınları;;EBS-KTP-0025;Hasan Âli Yücel Klasikleri;0;Türkçe;0;;1;Aktif;;
Hamlet;William Shakespeare;Türkiye İş Bankası Kültür Yayınları;;EBS-KTP-0026;Tiyatro / Klasikler;0;Türkçe;0;;1;Aktif;;
Macbeth;William Shakespeare;Türkiye İş Bankası Kültür Yayınları;;EBS-KTP-0027;Tiyatro / Klasikler;0;Türkçe;0;;1;Aktif;;
Othello;William Shakespeare;Türkiye İş Bankası Kültür Yayınları;;EBS-KTP-0028;Tiyatro / Klasikler;0;Türkçe;0;;1;Aktif;;
Kral Lear;William Shakespeare;Türkiye İş Bankası Kültür Yayınları;;EBS-KTP-0029;Tiyatro / Klasikler;0;Türkçe;0;;1;Aktif;;
Yeraltından Notlar;Fyodor Mihayloviç Dostoyevski;Türkiye İş Bankası Kültür Yayınları;;EBS-KTP-0030;Hasan Âli Yücel Klasikleri;0;Türkçe;0;;1;Aktif;;
Babalar ve Oğullar;İvan Sergeyeviç Turgenyev;Türkiye İş Bankası Kültür Yayınları;;EBS-KTP-0031;Hasan Âli Yücel Klasikleri;0;Türkçe;0;;1;Aktif;;
Gulliver’in Gezileri;Jonathan Swift;Türkiye İş Bankası Kültür Yayınları;;EBS-KTP-0032;Hasan Âli Yücel Klasikleri;0;Türkçe;0;;1;Aktif;;
Toplum Sözleşmesi;Jean-Jacques Rousseau;Türkiye İş Bankası Kültür Yayınları;;EBS-KTP-0033;Felsefe / Klasikler;0;Türkçe;0;;1;Aktif;;
Utopia;Thomas More;Türkiye İş Bankası Kültür Yayınları;;EBS-KTP-0034;Felsefe / Klasikler;0;Türkçe;0;;1;Aktif;;
Cimri;Molière;Türkiye İş Bankası Kültür Yayınları;;EBS-KTP-0035;Tiyatro / Klasikler;0;Türkçe;0;;1;Aktif;;
Yüzbaşının Kızı;Aleksandr Sergeyeviç Puşkin;Türkiye İş Bankası Kültür Yayınları;;EBS-KTP-0036;Hasan Âli Yücel Klasikleri;0;Türkçe;0;;1;Aktif;;
Masallar;La Fontaine;Türkiye İş Bankası Kültür Yayınları;;EBS-KTP-0037;Hasan Âli Yücel Klasikleri;0;Türkçe;0;;1;Aktif;;
Akıl ve Tutku;Jane Austen;Türkiye İş Bankası Kültür Yayınları;;EBS-KTP-0038;Hasan Âli Yücel Klasikleri;0;Türkçe;0;;1;Aktif;;
Ezilenler;Fyodor Mihayloviç Dostoyevski;Türkiye İş Bankası Kültür Yayınları;;EBS-KTP-0039;Hasan Âli Yücel Klasikleri;0;Türkçe;0;;1;Aktif;;
Sanat Nedir?;Lev Nikolayeviç Tolstoy;Türkiye İş Bankası Kültür Yayınları;;EBS-KTP-0040;Deneme / Klasikler;0;Türkçe;0;;1;Aktif;;
Şölen – Dostluk;Platon;Türkiye İş Bankası Kültür Yayınları;;EBS-KTP-0041;Felsefe / Klasikler;0;Türkçe;0;;1;Aktif;;
Carmilla;Sheridan Le Fanu;Türkiye İş Bankası Kültür Yayınları;;EBS-KTP-0042;Hasan Âli Yücel Klasikleri;0;Türkçe;0;;1;Aktif;;
Kazaklar;Lev Nikolayeviç Tolstoy;Türkiye İş Bankası Kültür Yayınları;;EBS-KTP-0043;Hasan Âli Yücel Klasikleri;0;Türkçe;0;;1;Aktif;;
Eugénie Grandet;Honoré de Balzac;Türkiye İş Bankası Kültür Yayınları;;EBS-KTP-0044;Hasan Âli Yücel Klasikleri;0;Türkçe;0;;1;Aktif;;
İtiraf;Lev Nikolayeviç Tolstoy;Türkiye İş Bankası Kültür Yayınları;;EBS-KTP-0045;Anı / Klasikler;0;Türkçe;0;;1;Aktif;;
Otobiyografi;John Stuart Mill;Türkiye İş Bankası Kültür Yayınları;;EBS-KTP-0046;Anı / Klasikler;0;Türkçe;0;;1;Aktif;;
Faust – Bir Tragedya;Johann Wolfgang von Goethe;Türkiye İş Bankası Kültür Yayınları;;EBS-KTP-0047;Tiyatro / Klasikler;0;Türkçe;0;;1;Aktif;;
Candide ya da İyimserlik;Voltaire;Türkiye İş Bankası Kültür Yayınları;;EBS-KTP-0048;Hasan Âli Yücel Klasikleri;0;Türkçe;0;;1;Aktif;;
Perili Ev;Charles Dickens;Türkiye İş Bankası Kültür Yayınları;;EBS-KTP-0049;Hasan Âli Yücel Klasikleri;0;Türkçe;0;;1;Aktif;;
Bilge Nathan;Gotthold Ephraim Lessing;Türkiye İş Bankası Kültür Yayınları;;EBS-KTP-0050;Tiyatro / Klasikler;0;Türkçe;0;;1;Aktif;;
Afife;Ahmet Rasim;;;EBS-KTP-0051;Türk Edebiyatı / Bağımsız;0;Türkçe;0;;1;Aktif;;
Bir Sefilenin Evrak-ı Metrukesi;Ahmet Rasim;;;EBS-KTP-0052;Türk Edebiyatı / Bağımsız;0;Türkçe;0;;1;Aktif;;
Gam-ı Hicran;Ahmet Rasim;;;EBS-KTP-0053;Türk Edebiyatı / Bağımsız;0;Türkçe;0;;1;Aktif;;
Gülüp Ağladıklarım;Ahmet Rasim;;;EBS-KTP-0054;Türk Edebiyatı / Bağımsız;0;Türkçe;0;;1;Aktif;;
Güzel Eleni;Ahmet Rasim;;;EBS-KTP-0055;Türk Edebiyatı / Bağımsız;0;Türkçe;0;;1;Aktif;;
Hamamcı Ülfet;Ahmet Rasim;;;EBS-KTP-0056;Türk Edebiyatı / Bağımsız;0;Türkçe;0;;1;Aktif;;
İki Günahkar;Ahmet Rasim;;;EBS-KTP-0057;Türk Edebiyatı / Bağımsız;0;Türkçe;0;;1;Aktif;;
İki Sevgili;Ahmet Rasim;;;EBS-KTP-0058;Türk Edebiyatı / Bağımsız;0;Türkçe;0;;1;Aktif;;
Meyl-i Dil;Ahmet Rasim;;;EBS-KTP-0059;Türk Edebiyatı / Bağımsız;0;Türkçe;0;;1;Aktif;;
Muharrir Bu Ya;Ahmet Rasim;;;EBS-KTP-0060;Türk Edebiyatı / Bağımsız;0;Türkçe;0;;1;Aktif;;
Ramazan Sohbetleri;Ahmet Rasim;;;EBS-KTP-0061;Türk Edebiyatı / Bağımsız;0;Türkçe;0;;1;Aktif;;
Sevda-Yı Sermedi;Ahmet Rasim;;;EBS-KTP-0062;Türk Edebiyatı / Bağımsız;0;Türkçe;0;;1;Aktif;;
Ömr-i Edebi;Ahmet Rasim;;;EBS-KTP-0063;Türk Edebiyatı / Bağımsız;0;Türkçe;0;;1;Aktif;;
Ülfet;Ahmet Rasim;;;EBS-KTP-0064;Türk Edebiyatı / Bağımsız;0;Türkçe;0;;1;Aktif;;
Şehir Mektupları;Ahmet Rasim;;;EBS-KTP-0065;Türk Edebiyatı / Bağımsız;0;Türkçe;0;;1;Aktif;;
Ben Deli Miyim?;H. Rahmi Gürpınar;;;EBS-KTP-0066;Türk Edebiyatı / Bağımsız;0;Türkçe;0;;1;Aktif;;
Billur Kalp;H. Rahmi Gürpınar;;;EBS-KTP-0067;Türk Edebiyatı / Bağımsız;0;Türkçe;0;;1;Aktif;;
Bir Muadele-İsevda;H. Rahmi Gürpınar;;;EBS-KTP-0068;Türk Edebiyatı / Bağımsız;0;Türkçe;0;;1;Aktif;;
Cadı Çarpışıyor;H. Rahmi Gürpınar;;;EBS-KTP-0069;Türk Edebiyatı / Bağımsız;0;Türkçe;0;;1;Aktif;;
Cadı;H. Rahmi Gürpınar;;;EBS-KTP-0070;Türk Edebiyatı / Bağımsız;0;Türkçe;0;;1;Aktif;;
Can Pazarı;H. Rahmi Gürpınar;;;EBS-KTP-0071;Türk Edebiyatı / Bağımsız;0;Türkçe;0;;1;Aktif;;
Cehennemlik;H. Rahmi Gürpınar;;;EBS-KTP-0072;Türk Edebiyatı / Bağımsız;0;Türkçe;0;;1;Aktif;;
Deli Filozof;H. Rahmi Gürpınar;;;EBS-KTP-0073;Türk Edebiyatı / Bağımsız;0;Türkçe;0;;1;Aktif;;
Dirilen İskelet;H. Rahmi Gürpınar;;;EBS-KTP-0074;Türk Edebiyatı / Bağımsız;0;Türkçe;0;;1;Aktif;;
Dünyanın Mihveri Kadın Mı Para Mı?;H. Rahmi Gürpınar;;;EBS-KTP-0075;Türk Edebiyatı / Bağımsız;0;Türkçe;0;;1;Aktif;;
Efsuncu Baba;H. Rahmi Gürpınar;;;EBS-KTP-0076;Türk Edebiyatı / Bağımsız;0;Türkçe;0;;1;Aktif;;
Eti Senin Kemiği Benim;H. Rahmi Gürpınar;;;EBS-KTP-0077;Türk Edebiyatı / Bağımsız;0;Türkçe;0;;1;Aktif;;
Evlere Şenlik;H. Rahmi Gürpınar;;;EBS-KTP-0078;Türk Edebiyatı / Bağımsız;0;Türkçe;0;;1;Aktif;;
Eşkıya İninde;H. Rahmi Gürpınar;;;EBS-KTP-0079;Türk Edebiyatı / Bağımsız;0;Türkçe;0;;1;Aktif;;
Gulyabani;H. Rahmi Gürpınar;;;EBS-KTP-0080;Türk Edebiyatı / Bağımsız;0;Türkçe;0;;1;Aktif;;
Gönül Bir Yeldeğirmenidir Sevda Öğütür;H. Rahmi Gürpınar;;;EBS-KTP-0081;Türk Edebiyatı / Bağımsız;0;Türkçe;0;;1;Aktif;;
Gönül Ticareti;H. Rahmi Gürpınar;;;EBS-KTP-0082;Türk Edebiyatı / Bağımsız;0;Türkçe;0;;1;Aktif;;
Gülbahar Hanım;H. Rahmi Gürpınar;;;EBS-KTP-0083;Türk Edebiyatı / Bağımsız;0;Türkçe;0;;1;Aktif;;
Hakka Sığındık;H. Rahmi Gürpınar;;;EBS-KTP-0084;Türk Edebiyatı / Bağımsız;0;Türkçe;0;;1;Aktif;;
Hayattan Sayfalar;H. Rahmi Gürpınar;;;EBS-KTP-0085;Türk Edebiyatı / Bağımsız;0;Türkçe;0;;1;Aktif;;
Hazan Bülbülü;H. Rahmi Gürpınar;;;EBS-KTP-0086;Türk Edebiyatı / Bağımsız;0;Türkçe;0;;1;Aktif;;
İffet;H. Rahmi Gürpınar;;;EBS-KTP-0087;Türk Edebiyatı / Bağımsız;0;Türkçe;0;;1;Aktif;;
İki Damla Yaş;H. Rahmi Gürpınar;;;EBS-KTP-0088;Türk Edebiyatı / Bağımsız;0;Türkçe;0;;1;Aktif;;
İki Hödüğün Seyahati;H. Rahmi Gürpınar;;;EBS-KTP-0089;Türk Edebiyatı / Bağımsız;0;Türkçe;0;;1;Aktif;;
İnsanlar Maymun Muydu;H. Rahmi Gürpınar;;;EBS-KTP-0090;Türk Edebiyatı / Bağımsız;0;Türkçe;0;;1;Aktif;;
Kaderin Cilvesi;H. Rahmi Gürpınar;;;EBS-KTP-0091;Türk Edebiyatı / Bağımsız;0;Türkçe;0;;1;Aktif;;
Kadın Erkekleşince;H. Rahmi Gürpınar;;;EBS-KTP-0092;Türk Edebiyatı / Bağımsız;0;Türkçe;0;;1;Aktif;;
Kadınlar Vaizi;H. Rahmi Gürpınar;;;EBS-KTP-0093;Türk Edebiyatı / Bağımsız;0;Türkçe;0;;1;Aktif;;
Katil Buse;H. Rahmi Gürpınar;;;EBS-KTP-0094;Türk Edebiyatı / Bağımsız;0;Türkçe;0;;1;Aktif;;
Kaynanam Nasıl Kudurdu?;H. Rahmi Gürpınar;;;EBS-KTP-0095;Türk Edebiyatı / Bağımsız;0;Türkçe;0;;1;Aktif;;
Kesik Baş;H. Rahmi Gürpınar;;;EBS-KTP-0096;Türk Edebiyatı / Bağımsız;0;Türkçe;0;;1;Aktif;;
Kokotlar Mektebi;H. Rahmi Gürpınar;;;EBS-KTP-0097;Türk Edebiyatı / Bağımsız;0;Türkçe;0;;1;Aktif;;
Kuyruklu Yıldız Altında Bir İzdivaç;H. Rahmi Gürpınar;;;EBS-KTP-0098;Türk Edebiyatı / Bağımsız;0;Türkçe;0;;1;Aktif;;
Melek Sanmıştım Şeytanı;H. Rahmi Gürpınar;;;EBS-KTP-0099;Türk Edebiyatı / Bağımsız;0;Türkçe;0;;1;Aktif;;
Metres;H. Rahmi Gürpınar;;;EBS-KTP-0100;Türk Edebiyatı / Bağımsız;0;Türkçe;0;;1;Aktif;;
Meyhanede Hanımlar;H. Rahmi Gürpınar;;;EBS-KTP-0101;Türk Edebiyatı / Bağımsız;0;Türkçe;0;;1;Aktif;;
Mezardan Kalkan Şehit;H. Rahmi Gürpınar;;;EBS-KTP-0102;Türk Edebiyatı / Bağımsız;0;Türkçe;0;;1;Aktif;;
Mutallaka;H. Rahmi Gürpınar;;;EBS-KTP-0103;Türk Edebiyatı / Bağımsız;0;Türkçe;0;;1;Aktif;;
Mürebbiye;H. Rahmi Gürpınar;;;EBS-KTP-0104;Türk Edebiyatı / Bağımsız;0;Türkçe;0;;1;Aktif;;
Namusla Açlık Meselesi;H. Rahmi Gürpınar;;;EBS-KTP-0105;Türk Edebiyatı / Bağımsız;0;Türkçe;0;;1;Aktif;;
Namuslu Kokotlar;H. Rahmi Gürpınar;;;EBS-KTP-0106;Türk Edebiyatı / Bağımsız;0;Türkçe;0;;1;Aktif;;
Nimetşinas;H. Rahmi Gürpınar;;;EBS-KTP-0107;Türk Edebiyatı / Bağımsız;0;Türkçe;0;;1;Aktif;;
Sanat Ve Edebiyat;H. Rahmi Gürpınar;;;EBS-KTP-0108;Türk Edebiyatı / Bağımsız;0;Türkçe;0;;1;Aktif;;
Sevda Peşinde;H. Rahmi Gürpınar;;;EBS-KTP-0109;Türk Edebiyatı / Bağımsız;0;Türkçe;0;;1;Aktif;;
Son Arzu;H. Rahmi Gürpınar;;;EBS-KTP-0110;Türk Edebiyatı / Bağımsız;0;Türkçe;0;;1;Aktif;;
Tebessümü Elem;H. Rahmi Gürpınar;;;EBS-KTP-0111;Türk Edebiyatı / Bağımsız;0;Türkçe;0;;1;Aktif;;
Tesadüf;H. Rahmi Gürpınar;;;EBS-KTP-0112;Türk Edebiyatı / Bağımsız;0;Türkçe;0;;1;Aktif;;
Tokuşan Kafalar;H. Rahmi Gürpınar;;;EBS-KTP-0113;Türk Edebiyatı / Bağımsız;0;Türkçe;0;;1;Aktif;;
Toraman;H. Rahmi Gürpınar;;;EBS-KTP-0114;Türk Edebiyatı / Bağımsız;0;Türkçe;0;;1;Aktif;;
Tutulmuş Gönüller;H. Rahmi Gürpınar;;;EBS-KTP-0115;Türk Edebiyatı / Bağımsız;0;Türkçe;0;;1;Aktif;;
Tünelden İlk Çıkış;H. Rahmi Gürpınar;;;EBS-KTP-0116;Türk Edebiyatı / Bağımsız;0;Türkçe;0;;1;Aktif;;
Utanmaz Adam;H. Rahmi Gürpınar;;;EBS-KTP-0117;Türk Edebiyatı / Bağımsız;0;Türkçe;0;;1;Aktif;;
Ölüler Yaşıyor Mu;H. Rahmi Gürpınar;;;EBS-KTP-0118;Türk Edebiyatı / Bağımsız;0;Türkçe;0;;1;Aktif;;
Ölüm Bir Kurtuluş Mudur?;H. Rahmi Gürpınar;;;EBS-KTP-0119;Türk Edebiyatı / Bağımsız;0;Türkçe;0;;1;Aktif;;
Şekavet-i Edebiye Tartışmaları;H. Rahmi Gürpınar;;;EBS-KTP-0120;Türk Edebiyatı / Bağımsız;0;Türkçe;0;;1;Aktif;;
Şeytan İşi;H. Rahmi Gürpınar;;;EBS-KTP-0121;Türk Edebiyatı / Bağımsız;0;Türkçe;0;;1;Aktif;;
Şık;H. Rahmi Gürpınar;;;EBS-KTP-0122;Türk Edebiyatı / Bağımsız;0;Türkçe;0;;1;Aktif;;
Şıpsevdi;H. Rahmi Gürpınar;;;EBS-KTP-0123;Türk Edebiyatı / Bağımsız;0;Türkçe;0;;1;Aktif;;
Asım;M. Akif Ersoy;;;EBS-KTP-0124;Türk Edebiyatı / Bağımsız;0;Türkçe;0;;1;Aktif;;
Fatih Kürsüsünde;M. Akif Ersoy;;;EBS-KTP-0125;Türk Edebiyatı / Bağımsız;0;Türkçe;0;;1;Aktif;;
Gölgeler;M. Akif Ersoy;;;EBS-KTP-0126;Türk Edebiyatı / Bağımsız;0;Türkçe;0;;1;Aktif;;
Hakkın Sesleri;M. Akif Ersoy;;;EBS-KTP-0127;Türk Edebiyatı / Bağımsız;0;Türkçe;0;;1;Aktif;;
Hatıralar;M. Akif Ersoy;;;EBS-KTP-0128;Türk Edebiyatı / Bağımsız;0;Türkçe;0;;1;Aktif;;
Safahat;M. Akif Ersoy;;;EBS-KTP-0129;Türk Edebiyatı / Bağımsız;0;Türkçe;0;;1;Aktif;;
Süleymaniye Kürsüsünde;M. Akif Ersoy;;;EBS-KTP-0130;Türk Edebiyatı / Bağımsız;0;Türkçe;0;;1;Aktif;;
Abdullah Efendi’nin Rüyaları;A. Hamdi Tanpınar;;;EBS-KTP-0131;Türk Edebiyatı / Cumhuriyet Dönemi;0;Türkçe;0;;1;Aktif;;
Aynadaki Kadın;A. Hamdi Tanpınar;;;EBS-KTP-0132;Türk Edebiyatı / Cumhuriyet Dönemi;0;Türkçe;0;;1;Aktif;;
Beş Şehir;A. Hamdi Tanpınar;;;EBS-KTP-0133;Türk Edebiyatı / Cumhuriyet Dönemi;0;Türkçe;0;;1;Aktif;;
Edebiyat Üzerine Denemeler;A. Hamdi Tanpınar;;;EBS-KTP-0134;Türk Edebiyatı / Cumhuriyet Dönemi;0;Türkçe;0;;1;Aktif;;
Huzur;A. Hamdi Tanpınar;;;EBS-KTP-0135;Türk Edebiyatı / Cumhuriyet Dönemi;0;Türkçe;0;;1;Aktif;;
Mahur Beste;A. Hamdi Tanpınar;;;EBS-KTP-0136;Türk Edebiyatı / Cumhuriyet Dönemi;0;Türkçe;0;;1;Aktif;;
Saatleri Ayarlama Enstitüsü;A. Hamdi Tanpınar;;;EBS-KTP-0137;Türk Edebiyatı / Cumhuriyet Dönemi;0;Türkçe;0;;1;Aktif;;
Sahnenin Dışındakiler;A. Hamdi Tanpınar;;;EBS-KTP-0138;Türk Edebiyatı / Cumhuriyet Dönemi;0;Türkçe;0;;1;Aktif;;
Yaz Yağmuru;A. Hamdi Tanpınar;;;EBS-KTP-0139;Türk Edebiyatı / Cumhuriyet Dönemi;0;Türkçe;0;;1;Aktif;;
Yaşadığım Gibi;A. Hamdi Tanpınar;;;EBS-KTP-0140;Türk Edebiyatı / Cumhuriyet Dönemi;0;Türkçe;0;;1;Aktif;;
Baladan Bir Ses;A. Hamit Tarhan;;;EBS-KTP-0141;Türk Edebiyatı / Cumhuriyet Dönemi;0;Türkçe;0;;1;Aktif;;
Belde;A. Hamit Tarhan;;;EBS-KTP-0142;Türk Edebiyatı / Cumhuriyet Dönemi;0;Türkçe;0;;1;Aktif;;
Divaneliklerim;A. Hamit Tarhan;;;EBS-KTP-0143;Türk Edebiyatı / Cumhuriyet Dönemi;0;Türkçe;0;;1;Aktif;;
Duhter-i Hindu;A. Hamit Tarhan;;;EBS-KTP-0144;Türk Edebiyatı / Cumhuriyet Dönemi;0;Türkçe;0;;1;Aktif;;
Eşber;A. Hamit Tarhan;;;EBS-KTP-0145;Türk Edebiyatı / Cumhuriyet Dönemi;0;Türkçe;0;;1;Aktif;;
Fitnen;A. Hamit Tarhan;;;EBS-KTP-0146;Türk Edebiyatı / Cumhuriyet Dönemi;0;Türkçe;0;;1;Aktif;;
Havle;A. Hamit Tarhan;;;EBS-KTP-0147;Türk Edebiyatı / Cumhuriyet Dönemi;0;Türkçe;0;;1;Aktif;;
İçli Kız;A. Hamit Tarhan;;;EBS-KTP-0148;Türk Edebiyatı / Cumhuriyet Dönemi;0;Türkçe;0;;1;Aktif;;
Macera-Yı Aşk;A. Hamit Tarhan;;;EBS-KTP-0149;Türk Edebiyatı / Cumhuriyet Dönemi;0;Türkçe;0;;1;Aktif;;
Makber;A. Hamit Tarhan;;;EBS-KTP-0150;Türk Edebiyatı / Cumhuriyet Dönemi;0;Türkçe;0;;1;Aktif;;
Nesteren;A. Hamit Tarhan;;;EBS-KTP-0151;Türk Edebiyatı / Cumhuriyet Dönemi;0;Türkçe;0;;1;Aktif;;
Sahra;A. Hamit Tarhan;;;EBS-KTP-0152;Türk Edebiyatı / Cumhuriyet Dönemi;0;Türkçe;0;;1;Aktif;;
Sardanapal;A. Hamit Tarhan;;;EBS-KTP-0153;Türk Edebiyatı / Cumhuriyet Dönemi;0;Türkçe;0;;1;Aktif;;
Tarık;A. Hamit Tarhan;;;EBS-KTP-0154;Türk Edebiyatı / Cumhuriyet Dönemi;0;Türkçe;0;;1;Aktif;;
Tayflar;A. Hamit Tarhan;;;EBS-KTP-0155;Türk Edebiyatı / Cumhuriyet Dönemi;0;Türkçe;0;;1;Aktif;;
Validem;A. Hamit Tarhan;;;EBS-KTP-0156;Türk Edebiyatı / Cumhuriyet Dönemi;0;Türkçe;0;;1;Aktif;;
Zeyneb;A. Hamit Tarhan;;;EBS-KTP-0157;Türk Edebiyatı / Cumhuriyet Dönemi;0;Türkçe;0;;1;Aktif;;
Ölü;A. Hamit Tarhan;;;EBS-KTP-0158;Türk Edebiyatı / Cumhuriyet Dönemi;0;Türkçe;0;;1;Aktif;;
Kırık Saz Gölgeler;A. Muhip Dıranas;;;EBS-KTP-0159;Türk Edebiyatı / Cumhuriyet Dönemi;0;Türkçe;0;;1;Aktif;;
O. Böyle İstemezdi;A. Muhip Dıranas;;;EBS-KTP-0160;Türk Edebiyatı / Cumhuriyet Dönemi;0;Türkçe;0;;1;Aktif;;
Çıkmaz;A. Muhip Dıranas;;;EBS-KTP-0161;Türk Edebiyatı / Cumhuriyet Dönemi;0;Türkçe;0;;1;Aktif;;
Aramak Ve Söylememek;A. Nihat Asya;;;EBS-KTP-0162;Türk Edebiyatı / Cumhuriyet Dönemi;0;Türkçe;0;;1;Aktif;;
Avrupa’dan Rubailer;A. Nihat Asya;;;EBS-KTP-0163;Türk Edebiyatı / Cumhuriyet Dönemi;0;Türkçe;0;;1;Aktif;;
Ayetler;A. Nihat Asya;;;EBS-KTP-0164;Türk Edebiyatı / Cumhuriyet Dönemi;0;Türkçe;0;;1;Aktif;;
Aynalarda Kalan;A. Nihat Asya;;;EBS-KTP-0165;Türk Edebiyatı / Cumhuriyet Dönemi;0;Türkçe;0;;1;Aktif;;
Ayın Aynasında;A. Nihat Asya;;;EBS-KTP-0166;Türk Edebiyatı / Cumhuriyet Dönemi;0;Türkçe;0;;1;Aktif;;
Bir Bayrak Rüzgar Bekliyor;A. Nihat Asya;;;EBS-KTP-0167;Türk Edebiyatı / Cumhuriyet Dönemi;0;Türkçe;0;;1;Aktif;;
Dualar Ve Aminler;A. Nihat Asya;;;EBS-KTP-0168;Türk Edebiyatı / Cumhuriyet Dönemi;0;Türkçe;0;;1;Aktif;;
Emzikler;A. Nihat Asya;;;EBS-KTP-0169;Türk Edebiyatı / Cumhuriyet Dönemi;0;Türkçe;0;;1;Aktif;;
Enikli Kapı;A. Nihat Asya;;;EBS-KTP-0170;Türk Edebiyatı / Cumhuriyet Dönemi;0;Türkçe;0;;1;Aktif;;
Fatihler Ölmez Ve Takvimler;A. Nihat Asya;;;EBS-KTP-0171;Türk Edebiyatı / Cumhuriyet Dönemi;0;Türkçe;0;;1;Aktif;;
Heykeltıraş;A. Nihat Asya;;;EBS-KTP-0172;Türk Edebiyatı / Cumhuriyet Dönemi;0;Türkçe;0;;1;Aktif;;
Kanatlar Ve Gagalar;A. Nihat Asya;;;EBS-KTP-0173;Türk Edebiyatı / Cumhuriyet Dönemi;0;Türkçe;0;;1;Aktif;;
Kanatlarını Arayanlar;A. Nihat Asya;;;EBS-KTP-0174;Türk Edebiyatı / Cumhuriyet Dönemi;0;Türkçe;0;;1;Aktif;;
Kova Burcu;A. Nihat Asya;;;EBS-KTP-0175;Türk Edebiyatı / Cumhuriyet Dönemi;0;Türkçe;0;;1;Aktif;;
Kubbe- Harda;A. Nihat Asya;;;EBS-KTP-0176;Türk Edebiyatı / Cumhuriyet Dönemi;0;Türkçe;0;;1;Aktif;;
Kubbeler;A. Nihat Asya;;;EBS-KTP-0177;Türk Edebiyatı / Cumhuriyet Dönemi;0;Türkçe;0;;1;Aktif;;
Kökler Ve Dallar;A. Nihat Asya;;;EBS-KTP-0178;Türk Edebiyatı / Cumhuriyet Dönemi;0;Türkçe;0;;1;Aktif;;
Kıbrıs Rüyaları;A. Nihat Asya;;;EBS-KTP-0179;Türk Edebiyatı / Cumhuriyet Dönemi;0;Türkçe;0;;1;Aktif;;
Nisan;A. Nihat Asya;;;EBS-KTP-0180;Türk Edebiyatı / Cumhuriyet Dönemi;0;Türkçe;0;;1;Aktif;;
Rubaiyat-ı Arif;A. Nihat Asya;;;EBS-KTP-0181;Türk Edebiyatı / Cumhuriyet Dönemi;0;Türkçe;0;;1;Aktif;;
Ses Ve Toprak;A. Nihat Asya;;;EBS-KTP-0182;Türk Edebiyatı / Cumhuriyet Dönemi;0;Türkçe;0;;1;Aktif;;
Top Sesleri;A. Nihat Asya;;;EBS-KTP-0183;Türk Edebiyatı / Cumhuriyet Dönemi;0;Türkçe;0;;1;Aktif;;
Yastığımın Rüyası;A. Nihat Asya;;;EBS-KTP-0184;Türk Edebiyatı / Cumhuriyet Dönemi;0;Türkçe;0;;1;Aktif;;
Ali Nizami Bey’in Alafrangalığı Ve Şeyhliği;A. Şinasi Hisar;;;EBS-KTP-0185;Türk Edebiyatı / Cumhuriyet Dönemi;0;Türkçe;0;;1;Aktif;;
Aşk İmiş Her Ne Var Alemde;A. Şinasi Hisar;;;EBS-KTP-0186;Türk Edebiyatı / Cumhuriyet Dönemi;0;Türkçe;0;;1;Aktif;;
Boğaziçi Mehtapları;A. Şinasi Hisar;;;EBS-KTP-0187;Türk Edebiyatı / Cumhuriyet Dönemi;0;Türkçe;0;;1;Aktif;;
Boğaziçi Yalıları;A. Şinasi Hisar;;;EBS-KTP-0188;Türk Edebiyatı / Cumhuriyet Dönemi;0;Türkçe;0;;1;Aktif;;
Fehim Bey Ve Biz;A. Şinasi Hisar;;;EBS-KTP-0189;Türk Edebiyatı / Cumhuriyet Dönemi;0;Türkçe;0;;1;Aktif;;
Geçmiş Zaman Fıkraları;A. Şinasi Hisar;;;EBS-KTP-0190;Türk Edebiyatı / Cumhuriyet Dönemi;0;Türkçe;0;;1;Aktif;;
Geçmiş Zaman Köşkleri;A. Şinasi Hisar;;;EBS-KTP-0191;Türk Edebiyatı / Cumhuriyet Dönemi;0;Türkçe;0;;1;Aktif;;
İstanbul Ve Pieere Loti;A. Şinasi Hisar;;;EBS-KTP-0192;Türk Edebiyatı / Cumhuriyet Dönemi;0;Türkçe;0;;1;Aktif;;
Çamlıca’daki Eniştemiz;A. Şinasi Hisar;;;EBS-KTP-0193;Türk Edebiyatı / Cumhuriyet Dönemi;0;Türkçe;0;;1;Aktif;;
Anılarda Yumak Yumak;Abbas Sayar;;;EBS-KTP-0194;Türk Edebiyatı / Cumhuriyet Dönemi;0;Türkçe;0;;1;Aktif;;
Boşluğa Takılan Ses;Abbas Sayar;;;EBS-KTP-0195;Türk Edebiyatı / Cumhuriyet Dönemi;0;Türkçe;0;;1;Aktif;;
Can Şenliği;Abbas Sayar;;;EBS-KTP-0196;Türk Edebiyatı / Cumhuriyet Dönemi;0;Türkçe;0;;1;Aktif;;
Dik Bayır;Abbas Sayar;;;EBS-KTP-0197;Türk Edebiyatı / Cumhuriyet Dönemi;0;Türkçe;0;;1;Aktif;;
Tarlabaşı Salkım Saçak;Abbas Sayar;;;EBS-KTP-0198;Türk Edebiyatı / Cumhuriyet Dönemi;0;Türkçe;0;;1;Aktif;;
Yorganımı Sıkı Sar;Abbas Sayar;;;EBS-KTP-0199;Türk Edebiyatı / Cumhuriyet Dönemi;0;Türkçe;0;;1;Aktif;;
Yılkı Atı;Abbas Sayar;;;EBS-KTP-0200;Türk Edebiyatı / Cumhuriyet Dönemi;0;Türkçe;0;;1;Aktif;;
Çelo;Abbas Sayar;;;EBS-KTP-0201;Türk Edebiyatı / Cumhuriyet Dönemi;0;Türkçe;0;;1;Aktif;;
Bir Düğün Gecesi;Adalet Ağaoğlu;;;EBS-KTP-0202;Türk Edebiyatı / Cumhuriyet Dönemi;0;Türkçe;0;;1;Aktif;;
Bir Kahramanın Ölümü;Adalet Ağaoğlu;;;EBS-KTP-0203;Türk Edebiyatı / Cumhuriyet Dönemi;0;Türkçe;0;;1;Aktif;;
Duvar Öyküsü;Adalet Ağaoğlu;;;EBS-KTP-0204;Türk Edebiyatı / Cumhuriyet Dönemi;0;Türkçe;0;;1;Aktif;;
Evcilik Oyunu;Adalet Ağaoğlu;;;EBS-KTP-0205;Türk Edebiyatı / Cumhuriyet Dönemi;0;Türkçe;0;;1;Aktif;;
Fikrimin İnce Gülü;Adalet Ağaoğlu;;;EBS-KTP-0206;Türk Edebiyatı / Cumhuriyet Dönemi;0;Türkçe;0;;1;Aktif;;
Gece Hayatım;Adalet Ağaoğlu;;;EBS-KTP-0207;Türk Edebiyatı / Cumhuriyet Dönemi;0;Türkçe;0;;1;Aktif;;
Göç Temizliği;Adalet Ağaoğlu;;;EBS-KTP-0208;Türk Edebiyatı / Cumhuriyet Dönemi;0;Türkçe;0;;1;Aktif;;
Hadi Gidelim;Adalet Ağaoğlu;;;EBS-KTP-0209;Türk Edebiyatı / Cumhuriyet Dönemi;0;Türkçe;0;;1;Aktif;;
Hayatı Savunma Biçimleri;Adalet Ağaoğlu;;;EBS-KTP-0210;Türk Edebiyatı / Cumhuriyet Dönemi;0;Türkçe;0;;1;Aktif;;
Hayır;Adalet Ağaoğlu;;;EBS-KTP-0211;Türk Edebiyatı / Cumhuriyet Dönemi;0;Türkçe;0;;1;Aktif;;
Kendini Yazan Şarkı;Adalet Ağaoğlu;;;EBS-KTP-0212;Türk Edebiyatı / Cumhuriyet Dönemi;0;Türkçe;0;;1;Aktif;;
Kozalar;Adalet Ağaoğlu;;;EBS-KTP-0213;Türk Edebiyatı / Cumhuriyet Dönemi;0;Türkçe;0;;1;Aktif;;
Romantik Bir Viyana Yazı;Adalet Ağaoğlu;;;EBS-KTP-0214;Türk Edebiyatı / Cumhuriyet Dönemi;0;Türkçe;0;;1;Aktif;;
Ruh Üşümesi;Adalet Ağaoğlu;;;EBS-KTP-0215;Türk Edebiyatı / Cumhuriyet Dönemi;0;Türkçe;0;;1;Aktif;;
Sessizliğin İlk Sesi;Adalet Ağaoğlu;;;EBS-KTP-0216;Türk Edebiyatı / Cumhuriyet Dönemi;0;Türkçe;0;;1;Aktif;;
Sınırlarda;Adalet Ağaoğlu;;;EBS-KTP-0217;Türk Edebiyatı / Cumhuriyet Dönemi;0;Türkçe;0;;1;Aktif;;
Tombala;Adalet Ağaoğlu;;;EBS-KTP-0218;Türk Edebiyatı / Cumhuriyet Dönemi;0;Türkçe;0;;1;Aktif;;
Yazsonu;Adalet Ağaoğlu;;;EBS-KTP-0219;Türk Edebiyatı / Cumhuriyet Dönemi;0;Türkçe;0;;1;Aktif;;
Yüksek Gerilim;Adalet Ağaoğlu;;;EBS-KTP-0220;Türk Edebiyatı / Cumhuriyet Dönemi;0;Türkçe;0;;1;Aktif;;
Çatıdaki Çatlak;Adalet Ağaoğlu;;;EBS-KTP-0221;Türk Edebiyatı / Cumhuriyet Dönemi;0;Türkçe;0;;1;Aktif;;
Çok Uzak-Fazla Yakın;Adalet Ağaoğlu;;;EBS-KTP-0222;Türk Edebiyatı / Cumhuriyet Dönemi;0;Türkçe;0;;1;Aktif;;
Çıkış;Adalet Ağaoğlu;;;EBS-KTP-0223;Türk Edebiyatı / Cumhuriyet Dönemi;0;Türkçe;0;;1;Aktif;;
Ölmeye Yatmak;Adalet Ağaoğlu;;;EBS-KTP-0224;Türk Edebiyatı / Cumhuriyet Dönemi;0;Türkçe;0;;1;Aktif;;
Üç Beş Kişi;Adalet Ağaoğlu;;;EBS-KTP-0225;Türk Edebiyatı / Cumhuriyet Dönemi;0;Türkçe;0;;1;Aktif;;
Üç Oyun;Adalet Ağaoğlu;;;EBS-KTP-0226;Türk Edebiyatı / Cumhuriyet Dönemi;0;Türkçe;0;;1;Aktif;;
Bir Şoförün Gizli Defteri;Aka Gündüz;;;EBS-KTP-0227;Türk Edebiyatı / Cumhuriyet Dönemi;0;Türkçe;0;;1;Aktif;;
Dikmen Yıldızı;Aka Gündüz;;;EBS-KTP-0228;Türk Edebiyatı / Cumhuriyet Dönemi;0;Türkçe;0;;1;Aktif;;
İki Süngü Arasında;Aka Gündüz;;;EBS-KTP-0229;Türk Edebiyatı / Cumhuriyet Dönemi;0;Türkçe;0;;1;Aktif;;
Zekeriya Sofrası;Aka Gündüz;;;EBS-KTP-0230;Türk Edebiyatı / Cumhuriyet Dönemi;0;Türkçe;0;;1;Aktif;;
Bir Gemi Yelken Açtı;Ali Mümtaz Arolat;;;EBS-KTP-0231;Türk Edebiyatı / Cumhuriyet Dönemi;0;Türkçe;0;;1;Aktif;;
Hayal İkliminden Dönen Anlatıyor Ki;Ali Mümtaz Arolat;;;EBS-KTP-0232;Türk Edebiyatı / Cumhuriyet Dönemi;0;Türkçe;0;;1;Aktif;;
Abbas Yolcu;Attila İlhan;;;EBS-KTP-0233;Türk Edebiyatı / Cumhuriyet Dönemi;0;Türkçe;0;;1;Aktif;;
Ayrılık Sevdaya Dahil;Attila İlhan;;;EBS-KTP-0234;Türk Edebiyatı / Cumhuriyet Dönemi;0;Türkçe;0;;1;Aktif;;
Batı’nın Deli Gömleği;Attila İlhan;;;EBS-KTP-0235;Türk Edebiyatı / Cumhuriyet Dönemi;0;Türkçe;0;;1;Aktif;;
Ben Sana Mecburum;Attila İlhan;;;EBS-KTP-0236;Türk Edebiyatı / Cumhuriyet Dönemi;0;Türkçe;0;;1;Aktif;;
Bıçağın Ucu;Attila İlhan;;;EBS-KTP-0237;Türk Edebiyatı / Cumhuriyet Dönemi;0;Türkçe;0;;1;Aktif;;
Dersaadet’te Sabah Ezanlar;Attila İlhan;;;EBS-KTP-0238;Türk Edebiyatı / Cumhuriyet Dönemi;0;Türkçe;0;;1;Aktif;;
Duvar;Attila İlhan;;;EBS-KTP-0239;Türk Edebiyatı / Cumhuriyet Dönemi;0;Türkçe;0;;1;Aktif;;
Elde Var Hüzün;Attila İlhan;;;EBS-KTP-0240;Türk Edebiyatı / Cumhuriyet Dönemi;0;Türkçe;0;;1;Aktif;;
Fena Halde Leman;Attila İlhan;;;EBS-KTP-0241;Türk Edebiyatı / Cumhuriyet Dönemi;0;Türkçe;0;;1;Aktif;;
Gerçekçilik Savaşı;Attila İlhan;;;EBS-KTP-0242;Türk Edebiyatı / Cumhuriyet Dönemi;0;Türkçe;0;;1;Aktif;;
Hace Hanım Vay;Attila İlhan;;;EBS-KTP-0243;Türk Edebiyatı / Cumhuriyet Dönemi;0;Türkçe;0;;1;Aktif;;
Hangi Atatürk;Attila İlhan;;;EBS-KTP-0244;Türk Edebiyatı / Cumhuriyet Dönemi;0;Türkçe;0;;1;Aktif;;
Hangi Sol;Attila İlhan;;;EBS-KTP-0245;Türk Edebiyatı / Cumhuriyet Dönemi;0;Türkçe;0;;1;Aktif;;
İkinci Yeni Savaşı;Attila İlhan;;;EBS-KTP-0246;Türk Edebiyatı / Cumhuriyet Dönemi;0;Türkçe;0;;1;Aktif;;
Kurtlar Sofrası;Attila İlhan;;;EBS-KTP-0247;Türk Edebiyatı / Cumhuriyet Dönemi;0;Türkçe;0;;1;Aktif;;
O. Karanlıkta Biz;Attila İlhan;;;EBS-KTP-0248;Türk Edebiyatı / Cumhuriyet Dönemi;0;Türkçe;0;;1;Aktif;;
Sağım Solum Sobe;Attila İlhan;;;EBS-KTP-0249;Türk Edebiyatı / Cumhuriyet Dönemi;0;Türkçe;0;;1;Aktif;;
Sisler Bulvarı;Attila İlhan;;;EBS-KTP-0250;Türk Edebiyatı / Cumhuriyet Dönemi;0;Türkçe;0;;1;Aktif;;
Sokaktaki Adam;Attila İlhan;;;EBS-KTP-0251;Türk Edebiyatı / Cumhuriyet Dönemi;0;Türkçe;0;;1;Aktif;;
Sırtlan Payı;Attila İlhan;;;EBS-KTP-0252;Türk Edebiyatı / Cumhuriyet Dönemi;0;Türkçe;0;;1;Aktif;;
Ulusal Kültür Savaşı;Attila İlhan;;;EBS-KTP-0253;Türk Edebiyatı / Cumhuriyet Dönemi;0;Türkçe;0;;1;Aktif;;
Yanlış Kadınlar Yanlış Erkekler;Attila İlhan;;;EBS-KTP-0254;Türk Edebiyatı / Cumhuriyet Dönemi;0;Türkçe;0;;1;Aktif;;
Yaraya Tuz Basmak;Attila İlhan;;;EBS-KTP-0255;Türk Edebiyatı / Cumhuriyet Dönemi;0;Türkçe;0;;1;Aktif;;
Yağmur Kaçağı;Attila İlhan;;;EBS-KTP-0256;Türk Edebiyatı / Cumhuriyet Dönemi;0;Türkçe;0;;1;Aktif;;
Zenciler Birbirine Benzemez;Attila İlhan;;;EBS-KTP-0257;Türk Edebiyatı / Cumhuriyet Dönemi;0;Türkçe;0;;1;Aktif;;
Aferin;Aziz Nesin;;;EBS-KTP-0258;Türk Edebiyatı / Cumhuriyet Dönemi;0;Türkçe;0;;1;Aktif;;
Ah Biz Eşekler;Aziz Nesin;;;EBS-KTP-0259;Türk Edebiyatı / Cumhuriyet Dönemi;0;Türkçe;0;;1;Aktif;;
Ah Biz Ödlek Aydınlar;Aziz Nesin;;;EBS-KTP-0260;Türk Edebiyatı / Cumhuriyet Dönemi;0;Türkçe;0;;1;Aktif;;
Aziz Dededen Masallar;Aziz Nesin;;;EBS-KTP-0261;Türk Edebiyatı / Cumhuriyet Dönemi;0;Türkçe;0;;1;Aktif;;
Azizname;Aziz Nesin;;;EBS-KTP-0262;Türk Edebiyatı / Cumhuriyet Dönemi;0;Türkçe;0;;1;Aktif;;
Bay Düdük;Aziz Nesin;;;EBS-KTP-0263;Türk Edebiyatı / Cumhuriyet Dönemi;0;Türkçe;0;;1;Aktif;;
Beş Kısa Oyun;Aziz Nesin;;;EBS-KTP-0264;Türk Edebiyatı / Cumhuriyet Dönemi;0;Türkçe;0;;1;Aktif;;
Bir Koltuk Nasıl Devrilir;Aziz Nesin;;;EBS-KTP-0265;Türk Edebiyatı / Cumhuriyet Dönemi;0;Türkçe;0;;1;Aktif;;
Bir Sürgünün Hatıraları;Aziz Nesin;;;EBS-KTP-0266;Türk Edebiyatı / Cumhuriyet Dönemi;0;Türkçe;0;;1;Aktif;;
Bir Şey Yap Met;Aziz Nesin;;;EBS-KTP-0267;Türk Edebiyatı / Cumhuriyet Dönemi;0;Türkçe;0;;1;Aktif;;
Biraz Gelir Misin;Aziz Nesin;;;EBS-KTP-0268;Türk Edebiyatı / Cumhuriyet Dönemi;0;Türkçe;0;;1;Aktif;;
Biz Adam Olmayız;Aziz Nesin;;;EBS-KTP-0269;Türk Edebiyatı / Cumhuriyet Dönemi;0;Türkçe;0;;1;Aktif;;
Böyle Gelmiş Böyle Gitmez;Aziz Nesin;;;EBS-KTP-0270;Türk Edebiyatı / Cumhuriyet Dönemi;0;Türkçe;0;;1;Aktif;;
Bülbül Yuvası Evler;Aziz Nesin;;;EBS-KTP-0271;Türk Edebiyatı / Cumhuriyet Dönemi;0;Türkçe;0;;1;Aktif;;
Büyük Grev;Aziz Nesin;;;EBS-KTP-0272;Türk Edebiyatı / Cumhuriyet Dönemi;0;Türkçe;0;;1;Aktif;;
Canikom;Aziz Nesin;;;EBS-KTP-0273;Türk Edebiyatı / Cumhuriyet Dönemi;0;Türkçe;0;;1;Aktif;;
Damda Deli Var;Aziz Nesin;;;EBS-KTP-0274;Türk Edebiyatı / Cumhuriyet Dönemi;0;Türkçe;0;;1;Aktif;;
Deliler Boşandı;Aziz Nesin;;;EBS-KTP-0275;Türk Edebiyatı / Cumhuriyet Dönemi;0;Türkçe;0;;1;Aktif;;
Duyduk Duymadık Demeyin;Aziz Nesin;;;EBS-KTP-0276;Türk Edebiyatı / Cumhuriyet Dönemi;0;Türkçe;0;;1;Aktif;;
Düdükçülerle Fırçacıların Savaşı;Aziz Nesin;;;EBS-KTP-0277;Türk Edebiyatı / Cumhuriyet Dönemi;0;Türkçe;0;;1;Aktif;;
Dünya Kazan Ben Kepçe;Aziz Nesin;;;EBS-KTP-0278;Türk Edebiyatı / Cumhuriyet Dönemi;0;Türkçe;0;;1;Aktif;;
Erkek Sabahat;Aziz Nesin;;;EBS-KTP-0279;Türk Edebiyatı / Cumhuriyet Dönemi;0;Türkçe;0;;1;Aktif;;
Fil Hamdi;Aziz Nesin;;;EBS-KTP-0280;Türk Edebiyatı / Cumhuriyet Dönemi;0;Türkçe;0;;1;Aktif;;
Geriye Kalan;Aziz Nesin;;;EBS-KTP-0281;Türk Edebiyatı / Cumhuriyet Dönemi;0;Türkçe;0;;1;Aktif;;
Gol Kralı Sait;Aziz Nesin;;;EBS-KTP-0282;Türk Edebiyatı / Cumhuriyet Dönemi;0;Türkçe;0;;1;Aktif;;
Gözüne Gözlük;Aziz Nesin;;;EBS-KTP-0283;Türk Edebiyatı / Cumhuriyet Dönemi;0;Türkçe;0;;1;Aktif;;
Gıdıgıdı;Aziz Nesin;;;EBS-KTP-0284;Türk Edebiyatı / Cumhuriyet Dönemi;0;Türkçe;0;;1;Aktif;;
Hadi Öldürsene;Aziz Nesin;;;EBS-KTP-0285;Türk Edebiyatı / Cumhuriyet Dönemi;0;Türkçe;0;;1;Aktif;;
Hangi Parti Kazanacak;Aziz Nesin;;;EBS-KTP-0286;Türk Edebiyatı / Cumhuriyet Dönemi;0;Türkçe;0;;1;Aktif;;
Havadan Sudan;Aziz Nesin;;;EBS-KTP-0287;Türk Edebiyatı / Cumhuriyet Dönemi;0;Türkçe;0;;1;Aktif;;
Hayvan Deyip Geçme;Aziz Nesin;;;EBS-KTP-0288;Türk Edebiyatı / Cumhuriyet Dönemi;0;Türkçe;0;;1;Aktif;;
Hoptirnam;Aziz Nesin;;;EBS-KTP-0289;Türk Edebiyatı / Cumhuriyet Dönemi;0;Türkçe;0;;1;Aktif;;
Hoşçakalın;Aziz Nesin;;;EBS-KTP-0290;Türk Edebiyatı / Cumhuriyet Dönemi;0;Türkçe;0;;1;Aktif;;
İnsanlar Konuşa Konuşa;Aziz Nesin;;;EBS-KTP-0291;Türk Edebiyatı / Cumhuriyet Dönemi;0;Türkçe;0;;1;Aktif;;
İt Kuyruğu;Aziz Nesin;;;EBS-KTP-0292;Türk Edebiyatı / Cumhuriyet Dönemi;0;Türkçe;0;;1;Aktif;;
Kadın Olan Erkekler;Aziz Nesin;;;EBS-KTP-0293;Türk Edebiyatı / Cumhuriyet Dönemi;0;Türkçe;0;;1;Aktif;;
Kalpazanlık Bile Yapılamıyor;Aziz Nesin;;;EBS-KTP-0294;Türk Edebiyatı / Cumhuriyet Dönemi;0;Türkçe;0;;1;Aktif;;
Kazan Töreni;Aziz Nesin;;;EBS-KTP-0295;Türk Edebiyatı / Cumhuriyet Dönemi;0;Türkçe;0;;1;Aktif;;
Kendini Yakalamak;Aziz Nesin;;;EBS-KTP-0296;Türk Edebiyatı / Cumhuriyet Dönemi;0;Türkçe;0;;1;Aktif;;
Koltuk;Aziz Nesin;;;EBS-KTP-0297;Türk Edebiyatı / Cumhuriyet Dönemi;0;Türkçe;0;;1;Aktif;;
Korkudan Korkmak;Aziz Nesin;;;EBS-KTP-0298;Türk Edebiyatı / Cumhuriyet Dönemi;0;Türkçe;0;;1;Aktif;;
Kördöğüşü;Aziz Nesin;;;EBS-KTP-0299;Türk Edebiyatı / Cumhuriyet Dönemi;0;Türkçe;0;;1;Aktif;;
Mahallenin Kısmeti;Aziz Nesin;;;EBS-KTP-0300;Türk Edebiyatı / Cumhuriyet Dönemi;0;Türkçe;0;;1;Aktif;;
Mahmut İle Nigar;Aziz Nesin;;;EBS-KTP-0301;Türk Edebiyatı / Cumhuriyet Dönemi;0;Türkçe;0;;1;Aktif;;
Maçinli Kız İçin Ev;Aziz Nesin;;;EBS-KTP-0302;Türk Edebiyatı / Cumhuriyet Dönemi;0;Türkçe;0;;1;Aktif;;
Memleketin Birinde;Aziz Nesin;;;EBS-KTP-0303;Türk Edebiyatı / Cumhuriyet Dönemi;0;Türkçe;0;;1;Aktif;;
Merhaba;Aziz Nesin;;;EBS-KTP-0304;Türk Edebiyatı / Cumhuriyet Dönemi;0;Türkçe;0;;1;Aktif;;
Nah Kalkınırsın;Aziz Nesin;;;EBS-KTP-0305;Türk Edebiyatı / Cumhuriyet Dönemi;0;Türkçe;0;;1;Aktif;;
Nazik Alet;Aziz Nesin;;;EBS-KTP-0306;Türk Edebiyatı / Cumhuriyet Dönemi;0;Türkçe;0;;1;Aktif;;
Nutuk Makinası;Aziz Nesin;;;EBS-KTP-0307;Türk Edebiyatı / Cumhuriyet Dönemi;0;Türkçe;0;;1;Aktif;;
Poliste;Aziz Nesin;;;EBS-KTP-0308;Türk Edebiyatı / Cumhuriyet Dönemi;0;Türkçe;0;;1;Aktif;;
Rüyalarım Ziyan Olmasın;Aziz Nesin;;;EBS-KTP-0309;Türk Edebiyatı / Cumhuriyet Dönemi;0;Türkçe;0;;1;Aktif;;
Rıfat Bey Neden Kaşınıyor;Aziz Nesin;;;EBS-KTP-0310;Türk Edebiyatı / Cumhuriyet Dönemi;0;Türkçe;0;;1;Aktif;;
Salkım Salkım Asılacak Adamlar;Aziz Nesin;;;EBS-KTP-0311;Türk Edebiyatı / Cumhuriyet Dönemi;0;Türkçe;0;;1;Aktif;;
Sivas Acısı;Aziz Nesin;;;EBS-KTP-0312;Türk Edebiyatı / Cumhuriyet Dönemi;0;Türkçe;0;;1;Aktif;;
Sondan Başa;Aziz Nesin;;;EBS-KTP-0313;Türk Edebiyatı / Cumhuriyet Dönemi;0;Türkçe;0;;1;Aktif;;
Suçlanana Ve Aklanan Yazılar;Aziz Nesin;;;EBS-KTP-0314;Türk Edebiyatı / Cumhuriyet Dönemi;0;Türkçe;0;;1;Aktif;;
Tatlı Betüş;Aziz Nesin;;;EBS-KTP-0315;Türk Edebiyatı / Cumhuriyet Dönemi;0;Türkçe;0;;1;Aktif;;
Tek Yol;Aziz Nesin;;;EBS-KTP-0316;Türk Edebiyatı / Cumhuriyet Dönemi;0;Türkçe;0;;1;Aktif;;
Toros Canavarı;Aziz Nesin;;;EBS-KTP-0317;Türk Edebiyatı / Cumhuriyet Dönemi;0;Türkçe;0;;1;Aktif;;
Tut Elimden Rovni;Aziz Nesin;;;EBS-KTP-0318;Türk Edebiyatı / Cumhuriyet Dönemi;0;Türkçe;0;;1;Aktif;;
Uyusana Tosunum;Aziz Nesin;;;EBS-KTP-0319;Türk Edebiyatı / Cumhuriyet Dönemi;0;Türkçe;0;;1;Aktif;;
Vatan Sağolsun;Aziz Nesin;;;EBS-KTP-0320;Türk Edebiyatı / Cumhuriyet Dönemi;0;Türkçe;0;;1;Aktif;;
Yaşar Ne Yaşar Ne Yaşamaz;Aziz Nesin;;;EBS-KTP-0321;Türk Edebiyatı / Cumhuriyet Dönemi;0;Türkçe;0;;1;Aktif;;
Yaşasın Memleket;Aziz Nesin;;;EBS-KTP-0322;Türk Edebiyatı / Cumhuriyet Dönemi;0;Türkçe;0;;1;Aktif;;
Yedek Parça;Aziz Nesin;;;EBS-KTP-0323;Türk Edebiyatı / Cumhuriyet Dönemi;0;Türkçe;0;;1;Aktif;;
Yeşil Renkli Namus Gazı;Aziz Nesin;;;EBS-KTP-0324;Türk Edebiyatı / Cumhuriyet Dönemi;0;Türkçe;0;;1;Aktif;;
Yokuşun Başı;Aziz Nesin;;;EBS-KTP-0325;Türk Edebiyatı / Cumhuriyet Dönemi;0;Türkçe;0;;1;Aktif;;
Yüz Liraya Bir Deli;Aziz Nesin;;;EBS-KTP-0326;Türk Edebiyatı / Cumhuriyet Dönemi;0;Türkçe;0;;1;Aktif;;
Zübük;Aziz Nesin;;;EBS-KTP-0327;Türk Edebiyatı / Cumhuriyet Dönemi;0;Türkçe;0;;1;Aktif;;
Çiçu;Aziz Nesin;;;EBS-KTP-0328;Türk Edebiyatı / Cumhuriyet Dönemi;0;Türkçe;0;;1;Aktif;;
Çuvala Doldurulmuş Kediler;Aziz Nesin;;;EBS-KTP-0329;Türk Edebiyatı / Cumhuriyet Dönemi;0;Türkçe;0;;1;Aktif;;
Ölmüş Eşek;Aziz Nesin;;;EBS-KTP-0330;Türk Edebiyatı / Cumhuriyet Dönemi;0;Türkçe;0;;1;Aktif;;
Şimdiki Çocuklar Harika;Aziz Nesin;;;EBS-KTP-0331;Türk Edebiyatı / Cumhuriyet Dönemi;0;Türkçe;0;;1;Aktif;;
Benden İçeri;B. Kemal Çağlar;;;EBS-KTP-0332;Türk Edebiyatı / Cumhuriyet Dönemi;0;Türkçe;0;;1;Aktif;;
Burada Bir Kalp Çarpıyor;B. Kemal Çağlar;;;EBS-KTP-0333;Türk Edebiyatı / Cumhuriyet Dönemi;0;Türkçe;0;;1;Aktif;;
Deniz Abdal;B. Kemal Çağlar;;;EBS-KTP-0334;Türk Edebiyatı / Cumhuriyet Dönemi;0;Türkçe;0;;1;Aktif;;
Erciyes’ten Kopan Çığ;B. Kemal Çağlar;;;EBS-KTP-0335;Türk Edebiyatı / Cumhuriyet Dönemi;0;Türkçe;0;;1;Aktif;;
Son Şiirleri;B. Kemal Çağlar;;;EBS-KTP-0336;Türk Edebiyatı / Cumhuriyet Dönemi;0;Türkçe;0;;1;Aktif;;
Çoban;B. Kemal Çağlar;;;EBS-KTP-0337;Türk Edebiyatı / Cumhuriyet Dönemi;0;Türkçe;0;;1;Aktif;;
Canım Anadolu;B. Rahmi Eyüpoğlu;;;EBS-KTP-0338;Türk Edebiyatı / Cumhuriyet Dönemi;0;Türkçe;0;;1;Aktif;;
Delifişek;B. Rahmi Eyüpoğlu;;;EBS-KTP-0339;Türk Edebiyatı / Cumhuriyet Dönemi;0;Türkçe;0;;1;Aktif;;
Dol Karabakır Dol;B. Rahmi Eyüpoğlu;;;EBS-KTP-0340;Türk Edebiyatı / Cumhuriyet Dönemi;0;Türkçe;0;;1;Aktif;;
Dördü Birden;B. Rahmi Eyüpoğlu;;;EBS-KTP-0341;Türk Edebiyatı / Cumhuriyet Dönemi;0;Türkçe;0;;1;Aktif;;
Karadut 69;B. Rahmi Eyüpoğlu;;;EBS-KTP-0342;Türk Edebiyatı / Cumhuriyet Dönemi;0;Türkçe;0;;1;Aktif;;
Karadut;B. Rahmi Eyüpoğlu;;;EBS-KTP-0343;Türk Edebiyatı / Cumhuriyet Dönemi;0;Türkçe;0;;1;Aktif;;
Nazmı Ziya;B. Rahmi Eyüpoğlu;;;EBS-KTP-0344;Türk Edebiyatı / Cumhuriyet Dönemi;0;Türkçe;0;;1;Aktif;;
Resme Bakarken;B. Rahmi Eyüpoğlu;;;EBS-KTP-0345;Türk Edebiyatı / Cumhuriyet Dönemi;0;Türkçe;0;;1;Aktif;;
Tezek;B. Rahmi Eyüpoğlu;;;EBS-KTP-0346;Türk Edebiyatı / Cumhuriyet Dönemi;0;Türkçe;0;;1;Aktif;;
Tuz;B. Rahmi Eyüpoğlu;;;EBS-KTP-0347;Türk Edebiyatı / Cumhuriyet Dönemi;0;Türkçe;0;;1;Aktif;;
Yaradana Mektuplar;B. Rahmi Eyüpoğlu;;;EBS-KTP-0348;Türk Edebiyatı / Cumhuriyet Dönemi;0;Türkçe;0;;1;Aktif;;
Yaşadım;B. Rahmi Eyüpoğlu;;;EBS-KTP-0349;Türk Edebiyatı / Cumhuriyet Dönemi;0;Türkçe;0;;1;Aktif;;
Üçü Birden;B. Rahmi Eyüpoğlu;;;EBS-KTP-0350;Türk Edebiyatı / Cumhuriyet Dönemi;0;Türkçe;0;;1;Aktif;;
Bir Çınar Vardı;Bahattin Özkişi;;;EBS-KTP-0351;Türk Edebiyatı / Cumhuriyet Dönemi;0;Türkçe;0;;1;Aktif;;
Göç Zamanı;Bahattin Özkişi;;;EBS-KTP-0352;Türk Edebiyatı / Cumhuriyet Dönemi;0;Türkçe;0;;1;Aktif;;
Köse Kadı;Bahattin Özkişi;;;EBS-KTP-0353;Türk Edebiyatı / Cumhuriyet Dönemi;0;Türkçe;0;;1;Aktif;;
Sokakta;Bahattin Özkişi;;;EBS-KTP-0354;Türk Edebiyatı / Cumhuriyet Dönemi;0;Türkçe;0;;1;Aktif;;
Uçtaki Adam;Bahattin Özkişi;;;EBS-KTP-0355;Türk Edebiyatı / Cumhuriyet Dönemi;0;Türkçe;0;;1;Aktif;;
Arada;Behçet Necatigil;;;EBS-KTP-0356;Türk Edebiyatı / Cumhuriyet Dönemi;0;Türkçe;0;;1;Aktif;;
Beyler;Behçet Necatigil;;;EBS-KTP-0357;Türk Edebiyatı / Cumhuriyet Dönemi;0;Türkçe;0;;1;Aktif;;
Bile / Yazdı;Behçet Necatigil;;;EBS-KTP-0358;Türk Edebiyatı / Cumhuriyet Dönemi;0;Türkçe;0;;1;Aktif;;
Dar Çağ;Behçet Necatigil;;;EBS-KTP-0359;Türk Edebiyatı / Cumhuriyet Dönemi;0;Türkçe;0;;1;Aktif;;
Divançe;Behçet Necatigil;;;EBS-KTP-0360;Türk Edebiyatı / Cumhuriyet Dönemi;0;Türkçe;0;;1;Aktif;;
Edebiyatımızda Eserler Sözlüğü;Behçet Necatigil;;;EBS-KTP-0361;Türk Edebiyatı / Cumhuriyet Dönemi;0;Türkçe;0;;1;Aktif;;
Edebiyatımızda İsimler Sözlüğü;Behçet Necatigil;;;EBS-KTP-0362;Türk Edebiyatı / Cumhuriyet Dönemi;0;Türkçe;0;;1;Aktif;;
En/Cam;Behçet Necatigil;;;EBS-KTP-0363;Türk Edebiyatı / Cumhuriyet Dönemi;0;Türkçe;0;;1;Aktif;;
Gece Aşevi;Behçet Necatigil;;;EBS-KTP-0364;Türk Edebiyatı / Cumhuriyet Dönemi;0;Türkçe;0;;1;Aktif;;
İki Başına Yürümek;Behçet Necatigil;;;EBS-KTP-0365;Türk Edebiyatı / Cumhuriyet Dönemi;0;Türkçe;0;;1;Aktif;;
Kapalı Çarşı;Behçet Necatigil;;;EBS-KTP-0366;Türk Edebiyatı / Cumhuriyet Dönemi;0;Türkçe;0;;1;Aktif;;
Kareler Aklar;Behçet Necatigil;;;EBS-KTP-0367;Türk Edebiyatı / Cumhuriyet Dönemi;0;Türkçe;0;;1;Aktif;;
Pencere;Behçet Necatigil;;;EBS-KTP-0368;Türk Edebiyatı / Cumhuriyet Dönemi;0;Türkçe;0;;1;Aktif;;
Sevgilerde;Behçet Necatigil;;;EBS-KTP-0369;Türk Edebiyatı / Cumhuriyet Dönemi;0;Türkçe;0;;1;Aktif;;
Söyleriz;Behçet Necatigil;;;EBS-KTP-0370;Türk Edebiyatı / Cumhuriyet Dönemi;0;Türkçe;0;;1;Aktif;;
Yaz Dönemi;Behçet Necatigil;;;EBS-KTP-0371;Türk Edebiyatı / Cumhuriyet Dönemi;0;Türkçe;0;;1;Aktif;;
Yıldızlara Bakmak;Behçet Necatigil;;;EBS-KTP-0372;Türk Edebiyatı / Cumhuriyet Dönemi;0;Türkçe;0;;1;Aktif;;
Zebra;Behçet Necatigil;;;EBS-KTP-0373;Türk Edebiyatı / Cumhuriyet Dönemi;0;Türkçe;0;;1;Aktif;;
Çevre;Behçet Necatigil;;;EBS-KTP-0374;Türk Edebiyatı / Cumhuriyet Dönemi;0;Türkçe;0;;1;Aktif;;
Üç Turunçlar;Behçet Necatigil;;;EBS-KTP-0375;Türk Edebiyatı / Cumhuriyet Dönemi;0;Türkçe;0;;1;Aktif;;
Acılı Çocuklar;Bekir Yıldız;;;EBS-KTP-0376;Türk Edebiyatı / Cumhuriyet Dönemi;0;Türkçe;0;;1;Aktif;;
Alman Ekmeği;Bekir Yıldız;;;EBS-KTP-0377;Türk Edebiyatı / Cumhuriyet Dönemi;0;Türkçe;0;;1;Aktif;;
Beyaz Türkü;Bekir Yıldız;;;EBS-KTP-0378;Türk Edebiyatı / Cumhuriyet Dönemi;0;Türkçe;0;;1;Aktif;;
Demir Belek;Bekir Yıldız;;;EBS-KTP-0379;Türk Edebiyatı / Cumhuriyet Dönemi;0;Türkçe;0;;1;Aktif;;
Dünyadan Bir Atlı Geçti;Bekir Yıldız;;;EBS-KTP-0380;Türk Edebiyatı / Cumhuriyet Dönemi;0;Türkçe;0;;1;Aktif;;
Evlilik Şirketi;Bekir Yıldız;;;EBS-KTP-0381;Türk Edebiyatı / Cumhuriyet Dönemi;0;Türkçe;0;;1;Aktif;;
Güneydoğu Zindanı;Bekir Yıldız;;;EBS-KTP-0382;Türk Edebiyatı / Cumhuriyet Dönemi;0;Türkçe;0;;1;Aktif;;
Halkalı Köle;Bekir Yıldız;;;EBS-KTP-0383;Türk Edebiyatı / Cumhuriyet Dönemi;0;Türkçe;0;;1;Aktif;;
Harran;Bekir Yıldız;;;EBS-KTP-0384;Türk Edebiyatı / Cumhuriyet Dönemi;0;Türkçe;0;;1;Aktif;;
İnsan Posası;Bekir Yıldız;;;EBS-KTP-0385;Türk Edebiyatı / Cumhuriyet Dönemi;0;Türkçe;0;;1;Aktif;;
Kara Vagon;Bekir Yıldız;;;EBS-KTP-0386;Türk Edebiyatı / Cumhuriyet Dönemi;0;Türkçe;0;;1;Aktif;;
Kaçakçı Şahan;Bekir Yıldız;;;EBS-KTP-0387;Türk Edebiyatı / Cumhuriyet Dönemi;0;Türkçe;0;;1;Aktif;;
Olumsuz Kavak;Bekir Yıldız;;;EBS-KTP-0388;Türk Edebiyatı / Cumhuriyet Dönemi;0;Türkçe;0;;1;Aktif;;
Reşo Ağa;Bekir Yıldız;;;EBS-KTP-0389;Türk Edebiyatı / Cumhuriyet Dönemi;0;Türkçe;0;;1;Aktif;;
Sahipsizler;Bekir Yıldız;;;EBS-KTP-0390;Türk Edebiyatı / Cumhuriyet Dönemi;0;Türkçe;0;;1;Aktif;;
Türkler Almanya’da;Bekir Yıldız;;;EBS-KTP-0391;Türk Edebiyatı / Cumhuriyet Dönemi;0;Türkçe;0;;1;Aktif;;
Üç Vatandaş;Bekir Yıldız;;;EBS-KTP-0392;Türk Edebiyatı / Cumhuriyet Dönemi;0;Türkçe;0;;1;Aktif;;
Atatürk Ve Kurtuluş Savaşı;C. Atıf Kansu;;;EBS-KTP-0393;Türk Edebiyatı / Cumhuriyet Dönemi;0;Türkçe;0;;1;Aktif;;
Atatürkçü Olmak;C. Atıf Kansu;;;EBS-KTP-0394;Türk Edebiyatı / Cumhuriyet Dönemi;0;Türkçe;0;;1;Aktif;;
Balım Kız Dalım Oğlum;C. Atıf Kansu;;;EBS-KTP-0395;Türk Edebiyatı / Cumhuriyet Dönemi;0;Türkçe;0;;1;Aktif;;
Bağbozumu Sofrası;C. Atıf Kansu;;;EBS-KTP-0396;Türk Edebiyatı / Cumhuriyet Dönemi;0;Türkçe;0;;1;Aktif;;
Bağımsızlık Gülü;C. Atıf Kansu;;;EBS-KTP-0397;Türk Edebiyatı / Cumhuriyet Dönemi;0;Türkçe;0;;1;Aktif;;
Bir Çocuk Bahçesinde;C. Atıf Kansu;;;EBS-KTP-0398;Türk Edebiyatı / Cumhuriyet Dönemi;0;Türkçe;0;;1;Aktif;;
Buğday;C. Atıf Kansu;;;EBS-KTP-0399;Türk Edebiyatı / Cumhuriyet Dönemi;0;Türkçe;0;;1;Aktif;;
Cumhuriyet Ağacı;C. Atıf Kansu;;;EBS-KTP-0400;Türk Edebiyatı / Cumhuriyet Dönemi;0;Türkçe;0;;1;Aktif;;
Devrimcinin Takvimi;C. Atıf Kansu;;;EBS-KTP-0401;Türk Edebiyatı / Cumhuriyet Dönemi;0;Türkçe;0;;1;Aktif;;
Gül Ve Gökyüzü;C. Atıf Kansu;;;EBS-KTP-0402;Türk Edebiyatı / Cumhuriyet Dönemi;0;Türkçe;0;;1;Aktif;;
Halk Öneri Atatürk;C. Atıf Kansu;;;EBS-KTP-0403;Türk Edebiyatı / Cumhuriyet Dönemi;0;Türkçe;0;;1;Aktif;;
Haziran Defteri;C. Atıf Kansu;;;EBS-KTP-0404;Türk Edebiyatı / Cumhuriyet Dönemi;0;Türkçe;0;;1;Aktif;;
Kadın;C. Atıf Kansu;;;EBS-KTP-0405;Türk Edebiyatı / Cumhuriyet Dönemi;0;Türkçe;0;;1;Aktif;;
Köy Öğretmenine Mektuplar;C. Atıf Kansu;;;EBS-KTP-0406;Türk Edebiyatı / Cumhuriyet Dönemi;0;Türkçe;0;;1;Aktif;;
Sakarya Meydan Savaşı;C. Atıf Kansu;;;EBS-KTP-0407;Türk Edebiyatı / Cumhuriyet Dönemi;0;Türkçe;0;;1;Aktif;;
Sevgi Elması;C. Atıf Kansu;;;EBS-KTP-0408;Türk Edebiyatı / Cumhuriyet Dönemi;0;Türkçe;0;;1;Aktif;;
Ya Bağımsızlık Ya Ölüm;C. Atıf Kansu;;;EBS-KTP-0409;Türk Edebiyatı / Cumhuriyet Dönemi;0;Türkçe;0;;1;Aktif;;
Yanık Hava;C. Atıf Kansu;;;EBS-KTP-0410;Türk Edebiyatı / Cumhuriyet Dönemi;0;Türkçe;0;;1;Aktif;;
Yurdumdan;C. Atıf Kansu;;;EBS-KTP-0411;Türk Edebiyatı / Cumhuriyet Dönemi;0;Türkçe;0;;1;Aktif;;
Bir Bakıma;C. Kudret Solok;;;EBS-KTP-0412;Türk Edebiyatı / Cumhuriyet Dönemi;0;Türkçe;0;;1;Aktif;;
Birinci Perde;C. Kudret Solok;;;EBS-KTP-0413;Türk Edebiyatı / Cumhuriyet Dönemi;0;Türkçe;0;;1;Aktif;;
Danyal Ve Sara;C. Kudret Solok;;;EBS-KTP-0414;Türk Edebiyatı / Cumhuriyet Dönemi;0;Türkçe;0;;1;Aktif;;
Dilleri Var Bizim Dillere Benzemez;C. Kudret Solok;;;EBS-KTP-0415;Türk Edebiyatı / Cumhuriyet Dönemi;0;Türkçe;0;;1;Aktif;;
Havada Bulut Yok;C. Kudret Solok;;;EBS-KTP-0416;Türk Edebiyatı / Cumhuriyet Dönemi;0;Türkçe;0;;1;Aktif;;
Karıncayı Tanırsınız;C. Kudret Solok;;;EBS-KTP-0417;Türk Edebiyatı / Cumhuriyet Dönemi;0;Türkçe;0;;1;Aktif;;
Kurtlar;C. Kudret Solok;;;EBS-KTP-0418;Türk Edebiyatı / Cumhuriyet Dönemi;0;Türkçe;0;;1;Aktif;;
Ortaoyuu;C. Kudret Solok;;;EBS-KTP-0419;Türk Edebiyatı / Cumhuriyet Dönemi;0;Türkçe;0;;1;Aktif;;
Rüya İçinde Rüya;C. Kudret Solok;;;EBS-KTP-0420;Türk Edebiyatı / Cumhuriyet Dönemi;0;Türkçe;0;;1;Aktif;;
Sokak;C. Kudret Solok;;;EBS-KTP-0421;Türk Edebiyatı / Cumhuriyet Dönemi;0;Türkçe;0;;1;Aktif;;
Sınıf Arkadaşları;C. Kudret Solok;;;EBS-KTP-0422;Türk Edebiyatı / Cumhuriyet Dönemi;0;Türkçe;0;;1;Aktif;;
Tersine Akan Nehir;C. Kudret Solok;;;EBS-KTP-0423;Türk Edebiyatı / Cumhuriyet Dönemi;0;Türkçe;0;;1;Aktif;;
Düşten Güzel;C. Sıtkı Tarancı;;;EBS-KTP-0424;Türk Edebiyatı / Cumhuriyet Dönemi;0;Türkçe;0;;1;Aktif;;
Otuz Beş Yaş;C. Sıtkı Tarancı;;;EBS-KTP-0425;Türk Edebiyatı / Cumhuriyet Dönemi;0;Türkçe;0;;1;Aktif;;
Ziyaya Mektuplar;C. Sıtkı Tarancı;;;EBS-KTP-0426;Türk Edebiyatı / Cumhuriyet Dönemi;0;Türkçe;0;;1;Aktif;;
Ömrümde Sükut;C. Sıtkı Tarancı;;;EBS-KTP-0427;Türk Edebiyatı / Cumhuriyet Dönemi;0;Türkçe;0;;1;Aktif;;
Yürek Dede İle Padişah;C. Zarifoğlu;;;EBS-KTP-0428;Türk Edebiyatı / Cumhuriyet Dönemi;0;Türkçe;0;;1;Aktif;;
Aganta Burina Burinata;C. Şakir Kabaağaçlı;;;EBS-KTP-0429;Türk Edebiyatı / Cumhuriyet Dönemi;0;Türkçe;0;;1;Aktif;;
Altıncı Kıta Akdeniz;C. Şakir Kabaağaçlı;;;EBS-KTP-0430;Türk Edebiyatı / Cumhuriyet Dönemi;0;Türkçe;0;;1;Aktif;;
Anadolu Efsaneleri;C. Şakir Kabaağaçlı;;;EBS-KTP-0431;Türk Edebiyatı / Cumhuriyet Dönemi;0;Türkçe;0;;1;Aktif;;
Anadolu Tanrıları;C. Şakir Kabaağaçlı;;;EBS-KTP-0432;Türk Edebiyatı / Cumhuriyet Dönemi;0;Türkçe;0;;1;Aktif;;
Anadolu’nun Sesi;C. Şakir Kabaağaçlı;;;EBS-KTP-0433;Türk Edebiyatı / Cumhuriyet Dönemi;0;Türkçe;0;;1;Aktif;;
Deniz Gurbetçileri;C. Şakir Kabaağaçlı;;;EBS-KTP-0434;Türk Edebiyatı / Cumhuriyet Dönemi;0;Türkçe;0;;1;Aktif;;
Denizin Çağrısı;C. Şakir Kabaağaçlı;;;EBS-KTP-0435;Türk Edebiyatı / Cumhuriyet Dönemi;0;Türkçe;0;;1;Aktif;;
Düşün Yazıları;C. Şakir Kabaağaçlı;;;EBS-KTP-0436;Türk Edebiyatı / Cumhuriyet Dönemi;0;Türkçe;0;;1;Aktif;;
Ege Kıyılarında;C. Şakir Kabaağaçlı;;;EBS-KTP-0437;Türk Edebiyatı / Cumhuriyet Dönemi;0;Türkçe;0;;1;Aktif;;
Ege’den Denize Bırakılmış Bir Çiçek;C. Şakir Kabaağaçlı;;;EBS-KTP-0438;Türk Edebiyatı / Cumhuriyet Dönemi;0;Türkçe;0;;1;Aktif;;
Ege’den;C. Şakir Kabaağaçlı;;;EBS-KTP-0439;Türk Edebiyatı / Cumhuriyet Dönemi;0;Türkçe;0;;1;Aktif;;
Ege’nin Dibi;C. Şakir Kabaağaçlı;;;EBS-KTP-0440;Türk Edebiyatı / Cumhuriyet Dönemi;0;Türkçe;0;;1;Aktif;;
Gençlik Denizinde;C. Şakir Kabaağaçlı;;;EBS-KTP-0441;Türk Edebiyatı / Cumhuriyet Dönemi;0;Türkçe;0;;1;Aktif;;
Gülen Ada;C. Şakir Kabaağaçlı;;;EBS-KTP-0442;Türk Edebiyatı / Cumhuriyet Dönemi;0;Türkçe;0;;1;Aktif;;
Hey Koca Yurt;C. Şakir Kabaağaçlı;;;EBS-KTP-0443;Türk Edebiyatı / Cumhuriyet Dönemi;0;Türkçe;0;;1;Aktif;;
Mavi Sürgün;C. Şakir Kabaağaçlı;;;EBS-KTP-0444;Türk Edebiyatı / Cumhuriyet Dönemi;0;Türkçe;0;;1;Aktif;;
Merhaba Akdeniz;C. Şakir Kabaağaçlı;;;EBS-KTP-0445;Türk Edebiyatı / Cumhuriyet Dönemi;0;Türkçe;0;;1;Aktif;;
Merhaba Anadolu;C. Şakir Kabaağaçlı;;;EBS-KTP-0446;Türk Edebiyatı / Cumhuriyet Dönemi;0;Türkçe;0;;1;Aktif;;
Parmak Damgası;C. Şakir Kabaağaçlı;;;EBS-KTP-0447;Türk Edebiyatı / Cumhuriyet Dönemi;0;Türkçe;0;;1;Aktif;;
Sonsuzluk Sessiz Büyür;C. Şakir Kabaağaçlı;;;EBS-KTP-0448;Türk Edebiyatı / Cumhuriyet Dönemi;0;Türkçe;0;;1;Aktif;;
Uluç Reis;C. Şakir Kabaağaçlı;;;EBS-KTP-0449;Türk Edebiyatı / Cumhuriyet Dönemi;0;Türkçe;0;;1;Aktif;;
Yaşasın Deniz;C. Şakir Kabaağaçlı;;;EBS-KTP-0450;Türk Edebiyatı / Cumhuriyet Dönemi;0;Türkçe;0;;1;Aktif;;
Yol Ver Deniz;C. Şakir Kabaağaçlı;;;EBS-KTP-0451;Türk Edebiyatı / Cumhuriyet Dönemi;0;Türkçe;0;;1;Aktif;;
Çiçeklerin Düğümü;C. Şakir Kabaağaçlı;;;EBS-KTP-0452;Türk Edebiyatı / Cumhuriyet Dönemi;0;Türkçe;0;;1;Aktif;;
Ötelerin Çocuğu;C. Şakir Kabaağaçlı;;;EBS-KTP-0453;Türk Edebiyatı / Cumhuriyet Dönemi;0;Türkçe;0;;1;Aktif;;
Adamın Biri;Cahit Külebi;;;EBS-KTP-0454;Türk Edebiyatı / Cumhuriyet Dönemi;0;Türkçe;0;;1;Aktif;;
Atatürk Kurtuluş Savaşı’nda;Cahit Külebi;;;EBS-KTP-0455;Türk Edebiyatı / Cumhuriyet Dönemi;0;Türkçe;0;;1;Aktif;;
Güz Türküleri;Cahit Külebi;;;EBS-KTP-0456;Türk Edebiyatı / Cumhuriyet Dönemi;0;Türkçe;0;;1;Aktif;;
İçi Sevda Dolu Yolculuk;Cahit Külebi;;;EBS-KTP-0457;Türk Edebiyatı / Cumhuriyet Dönemi;0;Türkçe;0;;1;Aktif;;
Rüzgar;Cahit Külebi;;;EBS-KTP-0458;Türk Edebiyatı / Cumhuriyet Dönemi;0;Türkçe;0;;1;Aktif;;
Süt;Cahit Külebi;;;EBS-KTP-0459;Türk Edebiyatı / Cumhuriyet Dönemi;0;Türkçe;0;;1;Aktif;;
Sıkıntı Ve Umut;Cahit Külebi;;;EBS-KTP-0460;Türk Edebiyatı / Cumhuriyet Dönemi;0;Türkçe;0;;1;Aktif;;
Türk Mavisi;Cahit Külebi;;;EBS-KTP-0461;Türk Edebiyatı / Cumhuriyet Dönemi;0;Türkçe;0;;1;Aktif;;
Yangın;Cahit Külebi;;;EBS-KTP-0462;Türk Edebiyatı / Cumhuriyet Dönemi;0;Türkçe;0;;1;Aktif;;
Yeşeren Otlar;Cahit Külebi;;;EBS-KTP-0463;Türk Edebiyatı / Cumhuriyet Dönemi;0;Türkçe;0;;1;Aktif;;
Şiir Her Zaman;Cahit Külebi;;;EBS-KTP-0464;Türk Edebiyatı / Cumhuriyet Dönemi;0;Türkçe;0;;1;Aktif;;
Şiirler;Cahit Külebi;;;EBS-KTP-0465;Türk Edebiyatı / Cumhuriyet Dönemi;0;Türkçe;0;;1;Aktif;;
Altın Papuçlar;Cahit Uçuk;;;EBS-KTP-0466;Türk Edebiyatı / Cumhuriyet Dönemi;0;Türkçe;0;;1;Aktif;;
Bileziklerin Sesi;Cahit Uçuk;;;EBS-KTP-0467;Türk Edebiyatı / Cumhuriyet Dönemi;0;Türkçe;0;;1;Aktif;;
Bir İmparatorluk Çökerken;Cahit Uçuk;;;EBS-KTP-0468;Türk Edebiyatı / Cumhuriyet Dönemi;0;Türkçe;0;;1;Aktif;;
Cennet Bahçesi;Cahit Uçuk;;;EBS-KTP-0469;Türk Edebiyatı / Cumhuriyet Dönemi;0;Türkçe;0;;1;Aktif;;
Değirmentaşı;Cahit Uçuk;;;EBS-KTP-0470;Türk Edebiyatı / Cumhuriyet Dönemi;0;Türkçe;0;;1;Aktif;;
Değişen Sensin;Cahit Uçuk;;;EBS-KTP-0471;Türk Edebiyatı / Cumhuriyet Dönemi;0;Türkçe;0;;1;Aktif;;
Erkekler Dünyasında Bir Kadıın Yazar;Cahit Uçuk;;;EBS-KTP-0472;Türk Edebiyatı / Cumhuriyet Dönemi;0;Türkçe;0;;1;Aktif;;
Gök Korsan;Cahit Uçuk;;;EBS-KTP-0473;Türk Edebiyatı / Cumhuriyet Dönemi;0;Türkçe;0;;1;Aktif;;
Güneş Kokusu;Cahit Uçuk;;;EBS-KTP-0474;Türk Edebiyatı / Cumhuriyet Dönemi;0;Türkçe;0;;1;Aktif;;
Hep Yarın;Cahit Uçuk;;;EBS-KTP-0475;Türk Edebiyatı / Cumhuriyet Dönemi;0;Türkçe;0;;1;Aktif;;
Kanlı Düğün;Cahit Uçuk;;;EBS-KTP-0476;Türk Edebiyatı / Cumhuriyet Dönemi;0;Türkçe;0;;1;Aktif;;
Kirazlı Pınar;Cahit Uçuk;;;EBS-KTP-0477;Türk Edebiyatı / Cumhuriyet Dönemi;0;Türkçe;0;;1;Aktif;;
Kurtların Saygısı;Cahit Uçuk;;;EBS-KTP-0478;Türk Edebiyatı / Cumhuriyet Dönemi;0;Türkçe;0;;1;Aktif;;
Küçük Ev;Cahit Uçuk;;;EBS-KTP-0479;Türk Edebiyatı / Cumhuriyet Dönemi;0;Türkçe;0;;1;Aktif;;
Siyah Dantelli Şemsiye;Cahit Uçuk;;;EBS-KTP-0480;Türk Edebiyatı / Cumhuriyet Dönemi;0;Türkçe;0;;1;Aktif;;
Sürü Çıngırakları;Cahit Uçuk;;;EBS-KTP-0481;Türk Edebiyatı / Cumhuriyet Dönemi;0;Türkçe;0;;1;Aktif;;
Uçan Su;Cahit Uçuk;;;EBS-KTP-0482;Türk Edebiyatı / Cumhuriyet Dönemi;0;Türkçe;0;;1;Aktif;;
Yaşamak İstiyoruz;Cahit Uçuk;;;EBS-KTP-0483;Türk Edebiyatı / Cumhuriyet Dönemi;0;Türkçe;0;;1;Aktif;;
Ağaçkakanlar;Cahit Zarifoğlu;;;EBS-KTP-0484;Türk Edebiyatı / Cumhuriyet Dönemi;0;Türkçe;0;;1;Aktif;;
İns;Cahit Zarifoğlu;;;EBS-KTP-0485;Türk Edebiyatı / Cumhuriyet Dönemi;0;Türkçe;0;;1;Aktif;;
İşaret Çocukları;Cahit Zarifoğlu;;;EBS-KTP-0486;Türk Edebiyatı / Cumhuriyet Dönemi;0;Türkçe;0;;1;Aktif;;
Katıraslan;Cahit Zarifoğlu;;;EBS-KTP-0487;Türk Edebiyatı / Cumhuriyet Dönemi;0;Türkçe;0;;1;Aktif;;
Menziller;Cahit Zarifoğlu;;;EBS-KTP-0488;Türk Edebiyatı / Cumhuriyet Dönemi;0;Türkçe;0;;1;Aktif;;
Savaş Ritmleri;Cahit Zarifoğlu;;;EBS-KTP-0489;Türk Edebiyatı / Cumhuriyet Dönemi;0;Türkçe;0;;1;Aktif;;
Serçekuş;Cahit Zarifoğlu;;;EBS-KTP-0490;Türk Edebiyatı / Cumhuriyet Dönemi;0;Türkçe;0;;1;Aktif;;
Yaşamak;Cahit Zarifoğlu;;;EBS-KTP-0491;Türk Edebiyatı / Cumhuriyet Dönemi;0;Türkçe;0;;1;Aktif;;
Yedi Güzel Adam;Cahit Zarifoğlu;;;EBS-KTP-0492;Türk Edebiyatı / Cumhuriyet Dönemi;0;Türkçe;0;;1;Aktif;;
Beni Öp Sonra Doğur Beni;Cemal Süreya;;;EBS-KTP-0493;Türk Edebiyatı / Cumhuriyet Dönemi;0;Türkçe;0;;1;Aktif;;
Folklor Şiire Düşman;Cemal Süreya;;;EBS-KTP-0494;Türk Edebiyatı / Cumhuriyet Dönemi;0;Türkçe;0;;1;Aktif;;
Göçebe;Cemal Süreya;;;EBS-KTP-0495;Türk Edebiyatı / Cumhuriyet Dönemi;0;Türkçe;0;;1;Aktif;;
Günübirlik;Cemal Süreya;;;EBS-KTP-0496;Türk Edebiyatı / Cumhuriyet Dönemi;0;Türkçe;0;;1;Aktif;;
Güvercin Curnatası;Cemal Süreya;;;EBS-KTP-0497;Türk Edebiyatı / Cumhuriyet Dönemi;0;Türkçe;0;;1;Aktif;;
Güz Bitiği;Cemal Süreya;;;EBS-KTP-0498;Türk Edebiyatı / Cumhuriyet Dönemi;0;Türkçe;0;;1;Aktif;;
Mülkiyeli Şairler;Cemal Süreya;;;EBS-KTP-0499;Türk Edebiyatı / Cumhuriyet Dönemi;0;Türkçe;0;;1;Aktif;;
On Üç Günün Mektupları;Cemal Süreya;;;EBS-KTP-0500;Türk Edebiyatı / Cumhuriyet Dönemi;0;Türkçe;0;;1;Aktif;;
Paçal;Cemal Süreya;;;EBS-KTP-0501;Türk Edebiyatı / Cumhuriyet Dönemi;0;Türkçe;0;;1;Aktif;;
Sevda Sözleri;Cemal Süreya;;;EBS-KTP-0502;Türk Edebiyatı / Cumhuriyet Dönemi;0;Türkçe;0;;1;Aktif;;
Sıcak Nal;Cemal Süreya;;;EBS-KTP-0503;Türk Edebiyatı / Cumhuriyet Dönemi;0;Türkçe;0;;1;Aktif;;
Toplu Yazılar;Cemal Süreya;;;EBS-KTP-0504;Türk Edebiyatı / Cumhuriyet Dönemi;0;Türkçe;0;;1;Aktif;;
Üstü Kalsın;Cemal Süreya;;;EBS-KTP-0505;Türk Edebiyatı / Cumhuriyet Dönemi;0;Türkçe;0;;1;Aktif;;
Üvercinka;Cemal Süreya;;;EBS-KTP-0506;Türk Edebiyatı / Cumhuriyet Dönemi;0;Türkçe;0;;1;Aktif;;
Şapkam Dolu Çiçekle;Cemal Süreya;;;EBS-KTP-0507;Türk Edebiyatı / Cumhuriyet Dönemi;0;Türkçe;0;;1;Aktif;;
Bir Dünyanın Eşiğinde;Cemil Meriç;;;EBS-KTP-0508;Türk Edebiyatı / Cumhuriyet Dönemi;0;Türkçe;0;;1;Aktif;;
Bir Facianın Hikayesi;Cemil Meriç;;;EBS-KTP-0509;Türk Edebiyatı / Cumhuriyet Dönemi;0;Türkçe;0;;1;Aktif;;
Bu Ülke;Cemil Meriç;;;EBS-KTP-0510;Türk Edebiyatı / Cumhuriyet Dönemi;0;Türkçe;0;;1;Aktif;;
Hin Edebiyatı;Cemil Meriç;;;EBS-KTP-0511;Türk Edebiyatı / Cumhuriyet Dönemi;0;Türkçe;0;;1;Aktif;;
Hint Edebiyatı;Cemil Meriç;;;EBS-KTP-0512;Türk Edebiyatı / Cumhuriyet Dönemi;0;Türkçe;0;;1;Aktif;;
Işık Doğudan Gelir;Cemil Meriç;;;EBS-KTP-0513;Türk Edebiyatı / Cumhuriyet Dönemi;0;Türkçe;0;;1;Aktif;;
İlk Sosyalist;Cemil Meriç;;;EBS-KTP-0514;Türk Edebiyatı / Cumhuriyet Dönemi;0;Türkçe;0;;1;Aktif;;
İlk Sosyolog;Cemil Meriç;;;EBS-KTP-0515;Türk Edebiyatı / Cumhuriyet Dönemi;0;Türkçe;0;;1;Aktif;;
Kültürden İrfana;Cemil Meriç;;;EBS-KTP-0516;Türk Edebiyatı / Cumhuriyet Dönemi;0;Türkçe;0;;1;Aktif;;
Kırk Ambar;Cemil Meriç;;;EBS-KTP-0517;Türk Edebiyatı / Cumhuriyet Dönemi;0;Türkçe;0;;1;Aktif;;
Mağaradakiler;Cemil Meriç;;;EBS-KTP-0518;Türk Edebiyatı / Cumhuriyet Dönemi;0;Türkçe;0;;1;Aktif;;
Saint Simon;Cemil Meriç;;;EBS-KTP-0519;Türk Edebiyatı / Cumhuriyet Dönemi;0;Türkçe;0;;1;Aktif;;
Umrandan Uygarlığa;Cemil Meriç;;;EBS-KTP-0520;Türk Edebiyatı / Cumhuriyet Dönemi;0;Türkçe;0;;1;Aktif;;
Güneşin Ölümü;E. Behiç Koryürek;;;EBS-KTP-0521;Türk Edebiyatı / Cumhuriyet Dönemi;0;Türkçe;0;;1;Aktif;;
Varidat-ı Süleyman;E. Behiç Koryürek;;;EBS-KTP-0522;Türk Edebiyatı / Cumhuriyet Dönemi;0;Türkçe;0;;1;Aktif;;
Akıl Kutusu;E. Cem Günay;;;EBS-KTP-0523;Türk Edebiyatı / Cumhuriyet Dönemi;0;Türkçe;0;;1;Aktif;;
Az Gittim Uz Gittim;E. Cem Günay;;;EBS-KTP-0524;Türk Edebiyatı / Cumhuriyet Dönemi;0;Türkçe;0;;1;Aktif;;
Açıl Sofram Açıl;E. Cem Günay;;;EBS-KTP-0525;Türk Edebiyatı / Cumhuriyet Dönemi;0;Türkçe;0;;1;Aktif;;
En Güzel Türk Masalları;E. Cem Günay;;;EBS-KTP-0526;Türk Edebiyatı / Cumhuriyet Dönemi;0;Türkçe;0;;1;Aktif;;
Erzurumlu Emrah;E. Cem Günay;;;EBS-KTP-0527;Türk Edebiyatı / Cumhuriyet Dönemi;0;Türkçe;0;;1;Aktif;;
Evvel Zaman İçinde;E. Cem Günay;;;EBS-KTP-0528;Türk Edebiyatı / Cumhuriyet Dönemi;0;Türkçe;0;;1;Aktif;;
Gökten Üç Elma Düştü;E. Cem Günay;;;EBS-KTP-0529;Türk Edebiyatı / Cumhuriyet Dönemi;0;Türkçe;0;;1;Aktif;;
Halk Şiiri Antoloji;E. Cem Günay;;;EBS-KTP-0530;Türk Edebiyatı / Cumhuriyet Dönemi;0;Türkçe;0;;1;Aktif;;
Matem;E. Cem Günay;;;EBS-KTP-0531;Türk Edebiyatı / Cumhuriyet Dönemi;0;Türkçe;0;;1;Aktif;;
Nar Tanesi;E. Cem Günay;;;EBS-KTP-0532;Türk Edebiyatı / Cumhuriyet Dönemi;0;Türkçe;0;;1;Aktif;;
Nasrettin Hoca Fıkraları;E. Cem Günay;;;EBS-KTP-0533;Türk Edebiyatı / Cumhuriyet Dönemi;0;Türkçe;0;;1;Aktif;;
Zümrüdüanka;E. Cem Günay;;;EBS-KTP-0534;Türk Edebiyatı / Cumhuriyet Dönemi;0;Türkçe;0;;1;Aktif;;
Bakışsız Bir Kedi Kara;Ece Ayhan;;;EBS-KTP-0535;Türk Edebiyatı / Cumhuriyet Dönemi;0;Türkçe;0;;1;Aktif;;
Kınar Hanımın Denizleri;Ece Ayhan;;;EBS-KTP-0536;Türk Edebiyatı / Cumhuriyet Dönemi;0;Türkçe;0;;1;Aktif;;
Ortodostluklar;Ece Ayhan;;;EBS-KTP-0537;Türk Edebiyatı / Cumhuriyet Dönemi;0;Türkçe;0;;1;Aktif;;
Sivil Şiirler;Ece Ayhan;;;EBS-KTP-0538;Türk Edebiyatı / Cumhuriyet Dönemi;0;Türkçe;0;;1;Aktif;;
Yort Suval;Ece Ayhan;;;EBS-KTP-0539;Türk Edebiyatı / Cumhuriyet Dönemi;0;Türkçe;0;;1;Aktif;;
Zambaklı Padişah;Ece Ayhan;;;EBS-KTP-0540;Türk Edebiyatı / Cumhuriyet Dönemi;0;Türkçe;0;;1;Aktif;;
Çok Eski Adıyladır;Ece Ayhan;;;EBS-KTP-0541;Türk Edebiyatı / Cumhuriyet Dönemi;0;Türkçe;0;;1;Aktif;;
Ben Ruhi Bey Nasılım;Edip Cansever;;;EBS-KTP-0542;Türk Edebiyatı / Cumhuriyet Dönemi;0;Türkçe;0;;1;Aktif;;
Bezik Oynayan Kadınlar;Edip Cansever;;;EBS-KTP-0543;Türk Edebiyatı / Cumhuriyet Dönemi;0;Türkçe;0;;1;Aktif;;
Gül Dönüyor Avucumda;Edip Cansever;;;EBS-KTP-0544;Türk Edebiyatı / Cumhuriyet Dönemi;0;Türkçe;0;;1;Aktif;;
İkindi Üstü;Edip Cansever;;;EBS-KTP-0545;Türk Edebiyatı / Cumhuriyet Dönemi;0;Türkçe;0;;1;Aktif;;
İlkyaz Şikayetçileri;Edip Cansever;;;EBS-KTP-0546;Türk Edebiyatı / Cumhuriyet Dönemi;0;Türkçe;0;;1;Aktif;;
Kirli Ağustos;Edip Cansever;;;EBS-KTP-0547;Türk Edebiyatı / Cumhuriyet Dönemi;0;Türkçe;0;;1;Aktif;;
Nerde Antigone;Edip Cansever;;;EBS-KTP-0548;Türk Edebiyatı / Cumhuriyet Dönemi;0;Türkçe;0;;1;Aktif;;
Oteller Kenti;Edip Cansever;;;EBS-KTP-0549;Türk Edebiyatı / Cumhuriyet Dönemi;0;Türkçe;0;;1;Aktif;;
Petrol;Edip Cansever;;;EBS-KTP-0550;Türk Edebiyatı / Cumhuriyet Dönemi;0;Türkçe;0;;1;Aktif;;
Sevda İle Sevgi;Edip Cansever;;;EBS-KTP-0551;Türk Edebiyatı / Cumhuriyet Dönemi;0;Türkçe;0;;1;Aktif;;
Sonrası Kalır;Edip Cansever;;;EBS-KTP-0552;Türk Edebiyatı / Cumhuriyet Dönemi;0;Türkçe;0;;1;Aktif;;
Tragedyalar;Edip Cansever;;;EBS-KTP-0553;Türk Edebiyatı / Cumhuriyet Dönemi;0;Türkçe;0;;1;Aktif;;
Umutsuzlar Parkı;Edip Cansever;;;EBS-KTP-0554;Türk Edebiyatı / Cumhuriyet Dönemi;0;Türkçe;0;;1;Aktif;;
Yeniden;Edip Cansever;;;EBS-KTP-0555;Türk Edebiyatı / Cumhuriyet Dönemi;0;Türkçe;0;;1;Aktif;;
Yerçekimli Karanfil;Edip Cansever;;;EBS-KTP-0556;Türk Edebiyatı / Cumhuriyet Dönemi;0;Türkçe;0;;1;Aktif;;
Çağrılamayan Yakup;Edip Cansever;;;EBS-KTP-0557;Türk Edebiyatı / Cumhuriyet Dönemi;0;Türkçe;0;;1;Aktif;;
Şairin Seyir Defteri;Edip Cansever;;;EBS-KTP-0558;Türk Edebiyatı / Cumhuriyet Dönemi;0;Türkçe;0;;1;Aktif;;
Barbaros Hayrettin Geliyor;F. Fazıl Tülbentçi;;;EBS-KTP-0559;Türk Edebiyatı / Cumhuriyet Dönemi;0;Türkçe;0;;1;Aktif;;
Büyük Harpten Sonrakiler;F. Fazıl Tülbentçi;;;EBS-KTP-0560;Türk Edebiyatı / Cumhuriyet Dönemi;0;Türkçe;0;;1;Aktif;;
Büyük Türk Zaferleri;F. Fazıl Tülbentçi;;;EBS-KTP-0561;Türk Edebiyatı / Cumhuriyet Dönemi;0;Türkçe;0;;1;Aktif;;
Cem Sultan;F. Fazıl Tülbentçi;;;EBS-KTP-0562;Türk Edebiyatı / Cumhuriyet Dönemi;0;Türkçe;0;;1;Aktif;;
Cumhuriyet Nasıl Kuruldu;F. Fazıl Tülbentçi;;;EBS-KTP-0563;Türk Edebiyatı / Cumhuriyet Dönemi;0;Türkçe;0;;1;Aktif;;
Geçmişte Bugün;F. Fazıl Tülbentçi;;;EBS-KTP-0564;Türk Edebiyatı / Cumhuriyet Dönemi;0;Türkçe;0;;1;Aktif;;
Hurrem Sultan;F. Fazıl Tülbentçi;;;EBS-KTP-0565;Türk Edebiyatı / Cumhuriyet Dönemi;0;Türkçe;0;;1;Aktif;;
İstanbul Kapılarında;F. Fazıl Tülbentçi;;;EBS-KTP-0566;Türk Edebiyatı / Cumhuriyet Dönemi;0;Türkçe;0;;1;Aktif;;
İstanbul’un Fethi;F. Fazıl Tülbentçi;;;EBS-KTP-0567;Türk Edebiyatı / Cumhuriyet Dönemi;0;Türkçe;0;;1;Aktif;;
Kanuni Sultan Süleyman;F. Fazıl Tülbentçi;;;EBS-KTP-0568;Türk Edebiyatı / Cumhuriyet Dönemi;0;Türkçe;0;;1;Aktif;;
Osmanoğulları;F. Fazıl Tülbentçi;;;EBS-KTP-0569;Türk Edebiyatı / Cumhuriyet Dönemi;0;Türkçe;0;;1;Aktif;;
Sabahtan Bir Saat Evvel;F. Fazıl Tülbentçi;;;EBS-KTP-0570;Türk Edebiyatı / Cumhuriyet Dönemi;0;Türkçe;0;;1;Aktif;;
Sultan Yıldırım Beyazıt;F. Fazıl Tülbentçi;;;EBS-KTP-0571;Türk Edebiyatı / Cumhuriyet Dönemi;0;Türkçe;0;;1;Aktif;;
Sultanların Aşkı;F. Fazıl Tülbentçi;;;EBS-KTP-0572;Türk Edebiyatı / Cumhuriyet Dönemi;0;Türkçe;0;;1;Aktif;;
Tarihe Şan Veren Türk;F. Fazıl Tülbentçi;;;EBS-KTP-0573;Türk Edebiyatı / Cumhuriyet Dönemi;0;Türkçe;0;;1;Aktif;;
Türk Atasözleri Ve Deyimleri;F. Fazıl Tülbentçi;;;EBS-KTP-0574;Türk Edebiyatı / Cumhuriyet Dönemi;0;Türkçe;0;;1;Aktif;;
Türk Tarihinden Sayfalar;F. Fazıl Tülbentçi;;;EBS-KTP-0575;Türk Edebiyatı / Cumhuriyet Dönemi;0;Türkçe;0;;1;Aktif;;
Yavuz Sultan Selim Ağlıyor;F. Fazıl Tülbentçi;;;EBS-KTP-0576;Türk Edebiyatı / Cumhuriyet Dönemi;0;Türkçe;0;;1;Aktif;;
Şah İsmail;F. Fazıl Tülbentçi;;;EBS-KTP-0577;Türk Edebiyatı / Cumhuriyet Dönemi;0;Türkçe;0;;1;Aktif;;
Şanlı Kadırgalar;F. Fazıl Tülbentçi;;;EBS-KTP-0578;Türk Edebiyatı / Cumhuriyet Dönemi;0;Türkçe;0;;1;Aktif;;
19 Mayıs Destanı;F. Hüsnü Dağlarca;;;EBS-KTP-0579;Türk Edebiyatı / Cumhuriyet Dönemi;0;Türkçe;0;;1;Aktif;;
Anıtkabir;F. Hüsnü Dağlarca;;;EBS-KTP-0580;Türk Edebiyatı / Cumhuriyet Dönemi;0;Türkçe;0;;1;Aktif;;
Arka Üstü;F. Hüsnü Dağlarca;;;EBS-KTP-0581;Türk Edebiyatı / Cumhuriyet Dönemi;0;Türkçe;0;;1;Aktif;;
Asu;F. Hüsnü Dağlarca;;;EBS-KTP-0582;Türk Edebiyatı / Cumhuriyet Dönemi;0;Türkçe;0;;1;Aktif;;
Aylam;F. Hüsnü Dağlarca;;;EBS-KTP-0583;Türk Edebiyatı / Cumhuriyet Dönemi;0;Türkçe;0;;1;Aktif;;
Aç Yazı;F. Hüsnü Dağlarca;;;EBS-KTP-0584;Türk Edebiyatı / Cumhuriyet Dönemi;0;Türkçe;0;;1;Aktif;;
Açıl Susam Açıl;F. Hüsnü Dağlarca;;;EBS-KTP-0585;Türk Edebiyatı / Cumhuriyet Dönemi;0;Türkçe;0;;1;Aktif;;
Balinayla Mandalina;F. Hüsnü Dağlarca;;;EBS-KTP-0586;Türk Edebiyatı / Cumhuriyet Dönemi;0;Türkçe;0;;1;Aktif;;
Batı Acısı;F. Hüsnü Dağlarca;;;EBS-KTP-0587;Türk Edebiyatı / Cumhuriyet Dönemi;0;Türkçe;0;;1;Aktif;;
Bağımsızlık Savaşı-30 Ağustos;F. Hüsnü Dağlarca;;;EBS-KTP-0588;Türk Edebiyatı / Cumhuriyet Dönemi;0;Türkçe;0;;1;Aktif;;
Bağımsızlık Savaşı-İzmir Yollarında;F. Hüsnü Dağlarca;;;EBS-KTP-0589;Türk Edebiyatı / Cumhuriyet Dönemi;0;Türkçe;0;;1;Aktif;;
Bağımsızlık Savaşı-Sakarya Kıyıları;F. Hüsnü Dağlarca;;;EBS-KTP-0590;Türk Edebiyatı / Cumhuriyet Dönemi;0;Türkçe;0;;1;Aktif;;
Cezayir Türküsü;F. Hüsnü Dağlarca;;;EBS-KTP-0591;Türk Edebiyatı / Cumhuriyet Dönemi;0;Türkçe;0;;1;Aktif;;
Cinoğlan;F. Hüsnü Dağlarca;;;EBS-KTP-0592;Türk Edebiyatı / Cumhuriyet Dönemi;0;Türkçe;0;;1;Aktif;;
Daha;F. Hüsnü Dağlarca;;;EBS-KTP-0593;Türk Edebiyatı / Cumhuriyet Dönemi;0;Türkçe;0;;1;Aktif;;
Delice Böcek;F. Hüsnü Dağlarca;;;EBS-KTP-0594;Türk Edebiyatı / Cumhuriyet Dönemi;0;Türkçe;0;;1;Aktif;;
Dildeki Bilgisayar;F. Hüsnü Dağlarca;;;EBS-KTP-0595;Türk Edebiyatı / Cumhuriyet Dönemi;0;Türkçe;0;;1;Aktif;;
Dişiboy;F. Hüsnü Dağlarca;;;EBS-KTP-0596;Türk Edebiyatı / Cumhuriyet Dönemi;0;Türkçe;0;;1;Aktif;;
Dışardan Gazel;F. Hüsnü Dağlarca;;;EBS-KTP-0597;Türk Edebiyatı / Cumhuriyet Dönemi;0;Türkçe;0;;1;Aktif;;
Gazi Mustafa Kemal Atatürk;F. Hüsnü Dağlarca;;;EBS-KTP-0598;Türk Edebiyatı / Cumhuriyet Dönemi;0;Türkçe;0;;1;Aktif;;
Göz Masalı;F. Hüsnü Dağlarca;;;EBS-KTP-0599;Türk Edebiyatı / Cumhuriyet Dönemi;0;Türkçe;0;;1;Aktif;;
Güneş Doğduran;F. Hüsnü Dağlarca;;;EBS-KTP-0600;Türk Edebiyatı / Cumhuriyet Dönemi;0;Türkçe;0;;1;Aktif;;
Haliç;F. Hüsnü Dağlarca;;;EBS-KTP-0601;Türk Edebiyatı / Cumhuriyet Dönemi;0;Türkçe;0;;1;Aktif;;
Havaya Çizilen Dünya;F. Hüsnü Dağlarca;;;EBS-KTP-0602;Türk Edebiyatı / Cumhuriyet Dönemi;0;Türkçe;0;;1;Aktif;;
Haydi;F. Hüsnü Dağlarca;;;EBS-KTP-0603;Türk Edebiyatı / Cumhuriyet Dönemi;0;Türkçe;0;;1;Aktif;;
Hin ile Hincik;F. Hüsnü Dağlarca;;;EBS-KTP-0604;Türk Edebiyatı / Cumhuriyet Dönemi;0;Türkçe;0;;1;Aktif;;
Hiroşima;F. Hüsnü Dağlarca;;;EBS-KTP-0605;Türk Edebiyatı / Cumhuriyet Dönemi;0;Türkçe;0;;1;Aktif;;
Hollandalı Dörtlükler;F. Hüsnü Dağlarca;;;EBS-KTP-0606;Türk Edebiyatı / Cumhuriyet Dönemi;0;Türkçe;0;;1;Aktif;;
Hoo'lar;F. Hüsnü Dağlarca;;;EBS-KTP-0607;Türk Edebiyatı / Cumhuriyet Dönemi;0;Türkçe;0;;1;Aktif;;
Horoz;F. Hüsnü Dağlarca;;;EBS-KTP-0608;Türk Edebiyatı / Cumhuriyet Dönemi;0;Türkçe;0;;1;Aktif;;
İlk Yapıtla 50 Yıl Sonrakiler;F. Hüsnü Dağlarca;;;EBS-KTP-0609;Türk Edebiyatı / Cumhuriyet Dönemi;0;Türkçe;0;;1;Aktif;;
İstanbul- Fetih Destanı;F. Hüsnü Dağlarca;;;EBS-KTP-0610;Türk Edebiyatı / Cumhuriyet Dönemi;0;Türkçe;0;;1;Aktif;;
İstiklâl Savaşı-İnönüler;F. Hüsnü Dağlarca;;;EBS-KTP-0611;Türk Edebiyatı / Cumhuriyet Dönemi;0;Türkçe;0;;1;Aktif;;
İstiklâl Savaşı-Samsun'dan Ankara'ya;F. Hüsnü Dağlarca;;;EBS-KTP-0612;Türk Edebiyatı / Cumhuriyet Dönemi;0;Türkçe;0;;1;Aktif;;
İçimdeki Şiir Hayvanı;F. Hüsnü Dağlarca;;;EBS-KTP-0613;Türk Edebiyatı / Cumhuriyet Dönemi;0;Türkçe;0;;1;Aktif;;
Kazmalama;F. Hüsnü Dağlarca;;;EBS-KTP-0614;Türk Edebiyatı / Cumhuriyet Dönemi;0;Türkçe;0;;1;Aktif;;
Koşan Ayılar Ülkesi;F. Hüsnü Dağlarca;;;EBS-KTP-0615;Türk Edebiyatı / Cumhuriyet Dönemi;0;Türkçe;0;;1;Aktif;;
Kubilay Destanı;F. Hüsnü Dağlarca;;;EBS-KTP-0616;Türk Edebiyatı / Cumhuriyet Dönemi;0;Türkçe;0;;1;Aktif;;
Kuş Ayak;F. Hüsnü Dağlarca;;;EBS-KTP-0617;Türk Edebiyatı / Cumhuriyet Dönemi;0;Türkçe;0;;1;Aktif;;
Kınalı Kuzu Ağıdı;F. Hüsnü Dağlarca;;;EBS-KTP-0618;Türk Edebiyatı / Cumhuriyet Dönemi;0;Türkçe;0;;1;Aktif;;
Malazgirt Ululaması;F. Hüsnü Dağlarca;;;EBS-KTP-0619;Türk Edebiyatı / Cumhuriyet Dönemi;0;Türkçe;0;;1;Aktif;;
Mustafa Kemal'in Kağnısı;F. Hüsnü Dağlarca;;;EBS-KTP-0620;Türk Edebiyatı / Cumhuriyet Dönemi;0;Türkçe;0;;1;Aktif;;
Nötron Bombası;F. Hüsnü Dağlarca;;;EBS-KTP-0621;Türk Edebiyatı / Cumhuriyet Dönemi;0;Türkçe;0;;1;Aktif;;
Sivaslı Karınca;F. Hüsnü Dağlarca;;;EBS-KTP-0622;Türk Edebiyatı / Cumhuriyet Dönemi;0;Türkçe;0;;1;Aktif;;
Takma Yaşamalar Çağı;F. Hüsnü Dağlarca;;;EBS-KTP-0623;Türk Edebiyatı / Cumhuriyet Dönemi;0;Türkçe;0;;1;Aktif;;
Taşdevri;F. Hüsnü Dağlarca;;;EBS-KTP-0624;Türk Edebiyatı / Cumhuriyet Dönemi;0;Türkçe;0;;1;Aktif;;
Toprak Ana;F. Hüsnü Dağlarca;;;EBS-KTP-0625;Türk Edebiyatı / Cumhuriyet Dönemi;0;Türkçe;0;;1;Aktif;;
Türk Olmak;F. Hüsnü Dağlarca;;;EBS-KTP-0626;Türk Edebiyatı / Cumhuriyet Dönemi;0;Türkçe;0;;1;Aktif;;
Uzaklarla Giyinmek;F. Hüsnü Dağlarca;;;EBS-KTP-0627;Türk Edebiyatı / Cumhuriyet Dönemi;0;Türkçe;0;;1;Aktif;;
Vietnam Savaşımız;F. Hüsnü Dağlarca;;;EBS-KTP-0628;Türk Edebiyatı / Cumhuriyet Dönemi;0;Türkçe;0;;1;Aktif;;
Yanık Çocuklar Koçaklaması;F. Hüsnü Dağlarca;;;EBS-KTP-0629;Türk Edebiyatı / Cumhuriyet Dönemi;0;Türkçe;0;;1;Aktif;;
Yaramaz Sözcükler;F. Hüsnü Dağlarca;;;EBS-KTP-0630;Türk Edebiyatı / Cumhuriyet Dönemi;0;Türkçe;0;;1;Aktif;;
Yavaşlayan Ömür;F. Hüsnü Dağlarca;;;EBS-KTP-0631;Türk Edebiyatı / Cumhuriyet Dönemi;0;Türkçe;0;;1;Aktif;;
Yazıları Seven ayı;F. Hüsnü Dağlarca;;;EBS-KTP-0632;Türk Edebiyatı / Cumhuriyet Dönemi;0;Türkçe;0;;1;Aktif;;
Yedi Memetler;F. Hüsnü Dağlarca;;;EBS-KTP-0633;Türk Edebiyatı / Cumhuriyet Dönemi;0;Türkçe;0;;1;Aktif;;
Yeryağ;F. Hüsnü Dağlarca;;;EBS-KTP-0634;Türk Edebiyatı / Cumhuriyet Dönemi;0;Türkçe;0;;1;Aktif;;
Yeryüzü Çocukları;F. Hüsnü Dağlarca;;;EBS-KTP-0635;Türk Edebiyatı / Cumhuriyet Dönemi;0;Türkçe;0;;1;Aktif;;
Yunus Emre'de Olmak;F. Hüsnü Dağlarca;;;EBS-KTP-0636;Türk Edebiyatı / Cumhuriyet Dönemi;0;Türkçe;0;;1;Aktif;;
Çakırın Destanı;F. Hüsnü Dağlarca;;;EBS-KTP-0637;Türk Edebiyatı / Cumhuriyet Dönemi;0;Türkçe;0;;1;Aktif;;
Çanakkale Destanı;F. Hüsnü Dağlarca;;;EBS-KTP-0638;Türk Edebiyatı / Cumhuriyet Dönemi;0;Türkçe;0;;1;Aktif;;
Çocuk ve Allah;F. Hüsnü Dağlarca;;;EBS-KTP-0639;Türk Edebiyatı / Cumhuriyet Dönemi;0;Türkçe;0;;1;Aktif;;
Çukurova Koçaklaması;F. Hüsnü Dağlarca;;;EBS-KTP-0640;Türk Edebiyatı / Cumhuriyet Dönemi;0;Türkçe;0;;1;Aktif;;
Çıplak;F. Hüsnü Dağlarca;;;EBS-KTP-0641;Türk Edebiyatı / Cumhuriyet Dönemi;0;Türkçe;0;;1;Aktif;;
Özgürlük Alanı;F. Hüsnü Dağlarca;;;EBS-KTP-0642;Türk Edebiyatı / Cumhuriyet Dönemi;0;Türkçe;0;;1;Aktif;;
Üç Şehitler Destanı;F. Hüsnü Dağlarca;;;EBS-KTP-0643;Türk Edebiyatı / Cumhuriyet Dönemi;0;Türkçe;0;;1;Aktif;;
Şeker Yiyen Resimler;F. Hüsnü Dağlarca;;;EBS-KTP-0644;Türk Edebiyatı / Cumhuriyet Dönemi;0;Türkçe;0;;1;Aktif;;
Akarsu;F. Nafiz Çamlıbel;;;EBS-KTP-0645;Türk Edebiyatı / Cumhuriyet Dönemi;0;Türkçe;0;;1;Aktif;;
Akın;F. Nafiz Çamlıbel;;;EBS-KTP-0646;Türk Edebiyatı / Cumhuriyet Dönemi;0;Türkçe;0;;1;Aktif;;
Akıncı Türküleri;F. Nafiz Çamlıbel;;;EBS-KTP-0647;Türk Edebiyatı / Cumhuriyet Dönemi;0;Türkçe;0;;1;Aktif;;
Ateş;F. Nafiz Çamlıbel;;;EBS-KTP-0648;Türk Edebiyatı / Cumhuriyet Dönemi;0;Türkçe;0;;1;Aktif;;
Bir Demette Beş Çiçek;F. Nafiz Çamlıbel;;;EBS-KTP-0649;Türk Edebiyatı / Cumhuriyet Dönemi;0;Türkçe;0;;1;Aktif;;
Bir Ömür Böyle Geçti;F. Nafiz Çamlıbel;;;EBS-KTP-0650;Türk Edebiyatı / Cumhuriyet Dönemi;0;Türkçe;0;;1;Aktif;;
Boğaziçi Şarkısı;F. Nafiz Çamlıbel;;;EBS-KTP-0651;Türk Edebiyatı / Cumhuriyet Dönemi;0;Türkçe;0;;1;Aktif;;
Canavar;F. Nafiz Çamlıbel;;;EBS-KTP-0652;Türk Edebiyatı / Cumhuriyet Dönemi;0;Türkçe;0;;1;Aktif;;
Dev Aynası;F. Nafiz Çamlıbel;;;EBS-KTP-0653;Türk Edebiyatı / Cumhuriyet Dönemi;0;Türkçe;0;;1;Aktif;;
Dinle Neyden;F. Nafiz Çamlıbel;;;EBS-KTP-0654;Türk Edebiyatı / Cumhuriyet Dönemi;0;Türkçe;0;;1;Aktif;;
Elimle Seçtiklerim;F. Nafiz Çamlıbel;;;EBS-KTP-0655;Türk Edebiyatı / Cumhuriyet Dönemi;0;Türkçe;0;;1;Aktif;;
Gönülden Gönüle;F. Nafiz Çamlıbel;;;EBS-KTP-0656;Türk Edebiyatı / Cumhuriyet Dönemi;0;Türkçe;0;;1;Aktif;;
Han Duvarları;F. Nafiz Çamlıbel;;;EBS-KTP-0657;Türk Edebiyatı / Cumhuriyet Dönemi;0;Türkçe;0;;1;Aktif;;
Heyecan ve Sükûn;F. Nafiz Çamlıbel;;;EBS-KTP-0658;Türk Edebiyatı / Cumhuriyet Dönemi;0;Türkçe;0;;1;Aktif;;
İlk Göz Ağrısı;F. Nafiz Çamlıbel;;;EBS-KTP-0659;Türk Edebiyatı / Cumhuriyet Dönemi;0;Türkçe;0;;1;Aktif;;
Kahraman;F. Nafiz Çamlıbel;;;EBS-KTP-0660;Türk Edebiyatı / Cumhuriyet Dönemi;0;Türkçe;0;;1;Aktif;;
Kanbur;F. Nafiz Çamlıbel;;;EBS-KTP-0661;Türk Edebiyatı / Cumhuriyet Dönemi;0;Türkçe;0;;1;Aktif;;
Numaralar;F. Nafiz Çamlıbel;;;EBS-KTP-0662;Türk Edebiyatı / Cumhuriyet Dönemi;0;Türkçe;0;;1;Aktif;;
Sevk-i Tabîî;F. Nafiz Çamlıbel;;;EBS-KTP-0663;Türk Edebiyatı / Cumhuriyet Dönemi;0;Türkçe;0;;1;Aktif;;
Suda Halkalar;F. Nafiz Çamlıbel;;;EBS-KTP-0664;Türk Edebiyatı / Cumhuriyet Dönemi;0;Türkçe;0;;1;Aktif;;
Tatlı Sert;F. Nafiz Çamlıbel;;;EBS-KTP-0665;Türk Edebiyatı / Cumhuriyet Dönemi;0;Türkçe;0;;1;Aktif;;
Yangın;F. Nafiz Çamlıbel;;;EBS-KTP-0666;Türk Edebiyatı / Cumhuriyet Dönemi;0;Türkçe;0;;1;Aktif;;
Yayla Kartalı;F. Nafiz Çamlıbel;;;EBS-KTP-0667;Türk Edebiyatı / Cumhuriyet Dönemi;0;Türkçe;0;;1;Aktif;;
Yıldız Yağmuru;F. Nafiz Çamlıbel;;;EBS-KTP-0668;Türk Edebiyatı / Cumhuriyet Dönemi;0;Türkçe;0;;1;Aktif;;
Zafer Türküsü;F. Nafiz Çamlıbel;;;EBS-KTP-0669;Türk Edebiyatı / Cumhuriyet Dönemi;0;Türkçe;0;;1;Aktif;;
Zindan Duvarları;F. Nafiz Çamlıbel;;;EBS-KTP-0670;Türk Edebiyatı / Cumhuriyet Dönemi;0;Türkçe;0;;1;Aktif;;
Çoban Çeşmesi;F. Nafiz Çamlıbel;;;EBS-KTP-0671;Türk Edebiyatı / Cumhuriyet Dönemi;0;Türkçe;0;;1;Aktif;;
Özyurt;F. Nafiz Çamlıbel;;;EBS-KTP-0672;Türk Edebiyatı / Cumhuriyet Dönemi;0;Türkçe;0;;1;Aktif;;
Şarkın Sultanları;F. Nafiz Çamlıbel;;;EBS-KTP-0673;Türk Edebiyatı / Cumhuriyet Dönemi;0;Türkçe;0;;1;Aktif;;
Atatürk Ne İdi?;F. Rıfkı Atay;;;EBS-KTP-0674;Türk Edebiyatı / Cumhuriyet Dönemi;0;Türkçe;0;;1;Aktif;;
Atatürk’ün Bana Anlattıkları;F. Rıfkı Atay;;;EBS-KTP-0675;Türk Edebiyatı / Cumhuriyet Dönemi;0;Türkçe;0;;1;Aktif;;
Atatürk’ün Hatıraları;F. Rıfkı Atay;;;EBS-KTP-0676;Türk Edebiyatı / Cumhuriyet Dönemi;0;Türkçe;0;;1;Aktif;;
Ateş Ve Güneş;F. Rıfkı Atay;;;EBS-KTP-0677;Türk Edebiyatı / Cumhuriyet Dönemi;0;Türkçe;0;;1;Aktif;;
Batış Yılları;F. Rıfkı Atay;;;EBS-KTP-0678;Türk Edebiyatı / Cumhuriyet Dönemi;0;Türkçe;0;;1;Aktif;;
Bayrak;F. Rıfkı Atay;;;EBS-KTP-0679;Türk Edebiyatı / Cumhuriyet Dönemi;0;Türkçe;0;;1;Aktif;;
Bizim Akdeniz;F. Rıfkı Atay;;;EBS-KTP-0680;Türk Edebiyatı / Cumhuriyet Dönemi;0;Türkçe;0;;1;Aktif;;
Denizaşırı;F. Rıfkı Atay;;;EBS-KTP-0681;Türk Edebiyatı / Cumhuriyet Dönemi;0;Türkçe;0;;1;Aktif;;
Eski Saat;F. Rıfkı Atay;;;EBS-KTP-0682;Türk Edebiyatı / Cumhuriyet Dönemi;0;Türkçe;0;;1;Aktif;;
Hind;F. Rıfkı Atay;;;EBS-KTP-0683;Türk Edebiyatı / Cumhuriyet Dönemi;0;Türkçe;0;;1;Aktif;;
İnanç;F. Rıfkı Atay;;;EBS-KTP-0684;Türk Edebiyatı / Cumhuriyet Dönemi;0;Türkçe;0;;1;Aktif;;
Pazar Konuşmaları;F. Rıfkı Atay;;;EBS-KTP-0685;Türk Edebiyatı / Cumhuriyet Dönemi;0;Türkçe;0;;1;Aktif;;
Taymis Kıyıları;F. Rıfkı Atay;;;EBS-KTP-0686;Türk Edebiyatı / Cumhuriyet Dönemi;0;Türkçe;0;;1;Aktif;;
Tuna Kıyıları;F. Rıfkı Atay;;;EBS-KTP-0687;Türk Edebiyatı / Cumhuriyet Dönemi;0;Türkçe;0;;1;Aktif;;
Yeni Rusya;F. Rıfkı Atay;;;EBS-KTP-0688;Türk Edebiyatı / Cumhuriyet Dönemi;0;Türkçe;0;;1;Aktif;;
Yolcu Defteri;F. Rıfkı Atay;;;EBS-KTP-0689;Türk Edebiyatı / Cumhuriyet Dönemi;0;Türkçe;0;;1;Aktif;;
Zeytindağı;F. Rıfkı Atay;;;EBS-KTP-0690;Türk Edebiyatı / Cumhuriyet Dönemi;0;Türkçe;0;;1;Aktif;;
Çankaya;F. Rıfkı Atay;;;EBS-KTP-0691;Türk Edebiyatı / Cumhuriyet Dönemi;0;Türkçe;0;;1;Aktif;;
Ateşi Yakanlar;Faik Baysal;;;EBS-KTP-0692;Türk Edebiyatı / Cumhuriyet Dönemi;0;Türkçe;0;;1;Aktif;;
Ayın Ucunda;Faik Baysal;;;EBS-KTP-0693;Türk Edebiyatı / Cumhuriyet Dönemi;0;Türkçe;0;;1;Aktif;;
Drina’da Son Gün;Faik Baysal;;;EBS-KTP-0694;Türk Edebiyatı / Cumhuriyet Dönemi;0;Türkçe;0;;1;Aktif;;
Elleri Sesinin Rengindeydi;Faik Baysal;;;EBS-KTP-0695;Türk Edebiyatı / Cumhuriyet Dönemi;0;Türkçe;0;;1;Aktif;;
Güller Kanıyordu;Faik Baysal;;;EBS-KTP-0696;Türk Edebiyatı / Cumhuriyet Dönemi;0;Türkçe;0;;1;Aktif;;
Ilgaz Teyze Öldü;Faik Baysal;;;EBS-KTP-0697;Türk Edebiyatı / Cumhuriyet Dönemi;0;Türkçe;0;;1;Aktif;;
İlk Defa;Faik Baysal;;;EBS-KTP-0698;Türk Edebiyatı / Cumhuriyet Dönemi;0;Türkçe;0;;1;Aktif;;
Kırmızı Sardunya;Faik Baysal;;;EBS-KTP-0699;Türk Edebiyatı / Cumhuriyet Dönemi;0;Türkçe;0;;1;Aktif;;
Madam Bambu;Faik Baysal;;;EBS-KTP-0700;Türk Edebiyatı / Cumhuriyet Dönemi;0;Türkçe;0;;1;Aktif;;
Militan;Faik Baysal;;;EBS-KTP-0701;Türk Edebiyatı / Cumhuriyet Dönemi;0;Türkçe;0;;1;Aktif;;
Nuni;Faik Baysal;;;EBS-KTP-0702;Türk Edebiyatı / Cumhuriyet Dönemi;0;Türkçe;0;;1;Aktif;;
Perşembe Adası;Faik Baysal;;;EBS-KTP-0703;Türk Edebiyatı / Cumhuriyet Dönemi;0;Türkçe;0;;1;Aktif;;
Rezil Dünya;Faik Baysal;;;EBS-KTP-0704;Türk Edebiyatı / Cumhuriyet Dönemi;0;Türkçe;0;;1;Aktif;;
Sancı Meydanı;Faik Baysal;;;EBS-KTP-0705;Türk Edebiyatı / Cumhuriyet Dönemi;0;Türkçe;0;;1;Aktif;;
Sarduvan;Faik Baysal;;;EBS-KTP-0706;Türk Edebiyatı / Cumhuriyet Dönemi;0;Türkçe;0;;1;Aktif;;
Terlikler;Faik Baysal;;;EBS-KTP-0707;Türk Edebiyatı / Cumhuriyet Dönemi;0;Türkçe;0;;1;Aktif;;
Tota;Faik Baysal;;;EBS-KTP-0708;Türk Edebiyatı / Cumhuriyet Dönemi;0;Türkçe;0;;1;Aktif;;
Voli;Faik Baysal;;;EBS-KTP-0709;Türk Edebiyatı / Cumhuriyet Dönemi;0;Türkçe;0;;1;Aktif;;
Amerikan Sargısı;Fakir Baykurt;;;EBS-KTP-0710;Türk Edebiyatı / Cumhuriyet Dönemi;0;Türkçe;0;;1;Aktif;;
Anadolu Garajı;Fakir Baykurt;;;EBS-KTP-0711;Türk Edebiyatı / Cumhuriyet Dönemi;0;Türkçe;0;;1;Aktif;;
Barış Çöreği;Fakir Baykurt;;;EBS-KTP-0712;Türk Edebiyatı / Cumhuriyet Dönemi;0;Türkçe;0;;1;Aktif;;
Bir Uzun Yol;Fakir Baykurt;;;EBS-KTP-0713;Türk Edebiyatı / Cumhuriyet Dönemi;0;Türkçe;0;;1;Aktif;;
Bizim İnce Kızlar;Fakir Baykurt;;;EBS-KTP-0714;Türk Edebiyatı / Cumhuriyet Dönemi;0;Türkçe;0;;1;Aktif;;
Can Parası;Fakir Baykurt;;;EBS-KTP-0715;Türk Edebiyatı / Cumhuriyet Dönemi;0;Türkçe;0;;1;Aktif;;
Cüce Muhammet;Fakir Baykurt;;;EBS-KTP-0716;Türk Edebiyatı / Cumhuriyet Dönemi;0;Türkçe;0;;1;Aktif;;
Dikenli Tel;Fakir Baykurt;;;EBS-KTP-0717;Türk Edebiyatı / Cumhuriyet Dönemi;0;Türkçe;0;;1;Aktif;;
Duirsbug Treni;Fakir Baykurt;;;EBS-KTP-0718;Türk Edebiyatı / Cumhuriyet Dönemi;0;Türkçe;0;;1;Aktif;;
Dünya Güzeli;Fakir Baykurt;;;EBS-KTP-0719;Türk Edebiyatı / Cumhuriyet Dönemi;0;Türkçe;0;;1;Aktif;;
Efendilik Savaşı;Fakir Baykurt;;;EBS-KTP-0720;Türk Edebiyatı / Cumhuriyet Dönemi;0;Türkçe;0;;1;Aktif;;
Efkar Tepesi;Fakir Baykurt;;;EBS-KTP-0721;Türk Edebiyatı / Cumhuriyet Dönemi;0;Türkçe;0;;1;Aktif;;
Gece Vardiyası;Fakir Baykurt;;;EBS-KTP-0722;Türk Edebiyatı / Cumhuriyet Dönemi;0;Türkçe;0;;1;Aktif;;
Irazcanın Dirliği;Fakir Baykurt;;;EBS-KTP-0723;Türk Edebiyatı / Cumhuriyet Dönemi;0;Türkçe;0;;1;Aktif;;
İçerdeki Oğul;Fakir Baykurt;;;EBS-KTP-0724;Türk Edebiyatı / Cumhuriyet Dönemi;0;Türkçe;0;;1;Aktif;;
Kale Kale;Fakir Baykurt;;;EBS-KTP-0725;Türk Edebiyatı / Cumhuriyet Dönemi;0;Türkçe;0;;1;Aktif;;
Kara Ahmet Destanı;Fakir Baykurt;;;EBS-KTP-0726;Türk Edebiyatı / Cumhuriyet Dönemi;0;Türkçe;0;;1;Aktif;;
Karın Ağrısı;Fakir Baykurt;;;EBS-KTP-0727;Türk Edebiyatı / Cumhuriyet Dönemi;0;Türkçe;0;;1;Aktif;;
Koca Ren;Fakir Baykurt;;;EBS-KTP-0728;Türk Edebiyatı / Cumhuriyet Dönemi;0;Türkçe;0;;1;Aktif;;
Köygöçüren;Fakir Baykurt;;;EBS-KTP-0729;Türk Edebiyatı / Cumhuriyet Dönemi;0;Türkçe;0;;1;Aktif;;
On Binlerce Kağnı;Fakir Baykurt;;;EBS-KTP-0730;Türk Edebiyatı / Cumhuriyet Dönemi;0;Türkçe;0;;1;Aktif;;
Onuncu Köy;Fakir Baykurt;;;EBS-KTP-0731;Türk Edebiyatı / Cumhuriyet Dönemi;0;Türkçe;0;;1;Aktif;;
Saka Kuşları;Fakir Baykurt;;;EBS-KTP-0732;Türk Edebiyatı / Cumhuriyet Dönemi;0;Türkçe;0;;1;Aktif;;
Sakarca;Fakir Baykurt;;;EBS-KTP-0733;Türk Edebiyatı / Cumhuriyet Dönemi;0;Türkçe;0;;1;Aktif;;
Sarı Köpek;Fakir Baykurt;;;EBS-KTP-0734;Türk Edebiyatı / Cumhuriyet Dönemi;0;Türkçe;0;;1;Aktif;;
Sınırdaki Ölü;Fakir Baykurt;;;EBS-KTP-0735;Türk Edebiyatı / Cumhuriyet Dönemi;0;Türkçe;0;;1;Aktif;;
Topal Arkadaş;Fakir Baykurt;;;EBS-KTP-0736;Türk Edebiyatı / Cumhuriyet Dönemi;0;Türkçe;0;;1;Aktif;;
Tırpan;Fakir Baykurt;;;EBS-KTP-0737;Türk Edebiyatı / Cumhuriyet Dönemi;0;Türkçe;0;;1;Aktif;;
Yandım Ali;Fakir Baykurt;;;EBS-KTP-0738;Türk Edebiyatı / Cumhuriyet Dönemi;0;Türkçe;0;;1;Aktif;;
Yarım Ekmek;Fakir Baykurt;;;EBS-KTP-0739;Türk Edebiyatı / Cumhuriyet Dönemi;0;Türkçe;0;;1;Aktif;;
Yayla;Fakir Baykurt;;;EBS-KTP-0740;Türk Edebiyatı / Cumhuriyet Dönemi;0;Türkçe;0;;1;Aktif;;
Yüksek Fırınlar;Fakir Baykurt;;;EBS-KTP-0741;Türk Edebiyatı / Cumhuriyet Dönemi;0;Türkçe;0;;1;Aktif;;
Yılanların Öcü;Fakir Baykurt;;;EBS-KTP-0742;Türk Edebiyatı / Cumhuriyet Dönemi;0;Türkçe;0;;1;Aktif;;
Çilli;Fakir Baykurt;;;EBS-KTP-0743;Türk Edebiyatı / Cumhuriyet Dönemi;0;Türkçe;0;;1;Aktif;;
Şamaroğlanları;Fakir Baykurt;;;EBS-KTP-0744;Türk Edebiyatı / Cumhuriyet Dönemi;0;Türkçe;0;;1;Aktif;;
Ah Min’el Aşk;Ferit Edgü;;;EBS-KTP-0745;Türk Edebiyatı / Cumhuriyet Dönemi;0;Türkçe;0;;1;Aktif;;
Av;Ferit Edgü;;;EBS-KTP-0746;Türk Edebiyatı / Cumhuriyet Dönemi;0;Türkçe;0;;1;Aktif;;
Bir Gemide;Ferit Edgü;;;EBS-KTP-0747;Türk Edebiyatı / Cumhuriyet Dönemi;0;Türkçe;0;;1;Aktif;;
Birnbir Gece;Ferit Edgü;;;EBS-KTP-0748;Türk Edebiyatı / Cumhuriyet Dönemi;0;Türkçe;0;;1;Aktif;;
Bozgun;Ferit Edgü;;;EBS-KTP-0749;Türk Edebiyatı / Cumhuriyet Dönemi;0;Türkçe;0;;1;Aktif;;
Eylülün Gölgesinde Bir Yazdı;Ferit Edgü;;;EBS-KTP-0750;Türk Edebiyatı / Cumhuriyet Dönemi;0;Türkçe;0;;1;Aktif;;
Kaçkınlar;Ferit Edgü;;;EBS-KTP-0751;Türk Edebiyatı / Cumhuriyet Dönemi;0;Türkçe;0;;1;Aktif;;
Kimse;Ferit Edgü;;;EBS-KTP-0752;Türk Edebiyatı / Cumhuriyet Dönemi;0;Türkçe;0;;1;Aktif;;
O;Ferit Edgü;;;EBS-KTP-0753;Türk Edebiyatı / Cumhuriyet Dönemi;0;Türkçe;0;;1;Aktif;;
Yazmak Eylemi;Ferit Edgü;;;EBS-KTP-0754;Türk Edebiyatı / Cumhuriyet Dönemi;0;Türkçe;0;;1;Aktif;;
Çığlık;Ferit Edgü;;;EBS-KTP-0755;Türk Edebiyatı / Cumhuriyet Dönemi;0;Türkçe;0;;1;Aktif;;
Şimdi Saat Kaç;Ferit Edgü;;;EBS-KTP-0756;Türk Edebiyatı / Cumhuriyet Dönemi;0;Türkçe;0;;1;Aktif;;
47’liler;Füruzan;;;EBS-KTP-0757;Türk Edebiyatı / Cumhuriyet Dönemi;0;Türkçe;0;;1;Aktif;;
Balkan Yolcusu;Füruzan;;;EBS-KTP-0758;Türk Edebiyatı / Cumhuriyet Dönemi;0;Türkçe;0;;1;Aktif;;
Benim Sinemalarım;Füruzan;;;EBS-KTP-0759;Türk Edebiyatı / Cumhuriyet Dönemi;0;Türkçe;0;;1;Aktif;;
Berlin’in Nar Çiçeği;Füruzan;;;EBS-KTP-0760;Türk Edebiyatı / Cumhuriyet Dönemi;0;Türkçe;0;;1;Aktif;;
Ev Sahipleri;Füruzan;;;EBS-KTP-0761;Türk Edebiyatı / Cumhuriyet Dönemi;0;Türkçe;0;;1;Aktif;;
Gecenin Öteki Yüzü;Füruzan;;;EBS-KTP-0762;Türk Edebiyatı / Cumhuriyet Dönemi;0;Türkçe;0;;1;Aktif;;
Gül Mevsimidir;Füruzan;;;EBS-KTP-0763;Türk Edebiyatı / Cumhuriyet Dönemi;0;Türkçe;0;;1;Aktif;;
İşte Bizim Rumeli;Füruzan;;;EBS-KTP-0764;Türk Edebiyatı / Cumhuriyet Dönemi;0;Türkçe;0;;1;Aktif;;
Kuşatma;Füruzan;;;EBS-KTP-0765;Türk Edebiyatı / Cumhuriyet Dönemi;0;Türkçe;0;;1;Aktif;;
Kırk Yediler;Füruzan;;;EBS-KTP-0766;Türk Edebiyatı / Cumhuriyet Dönemi;0;Türkçe;0;;1;Aktif;;
Lodoslar Kenti;Füruzan;;;EBS-KTP-0767;Türk Edebiyatı / Cumhuriyet Dönemi;0;Türkçe;0;;1;Aktif;;
Parasız Yatılı;Füruzan;;;EBS-KTP-0768;Türk Edebiyatı / Cumhuriyet Dönemi;0;Türkçe;0;;1;Aktif;;
Redife’ye Güzelleme;Füruzan;;;EBS-KTP-0769;Türk Edebiyatı / Cumhuriyet Dönemi;0;Türkçe;0;;1;Aktif;;
Yeni Konuklar;Füruzan;;;EBS-KTP-0770;Türk Edebiyatı / Cumhuriyet Dönemi;0;Türkçe;0;;1;Aktif;;
Akile Hanım Sokağı;H. Edip Adıvar;;;EBS-KTP-0771;Türk Edebiyatı / Cumhuriyet Dönemi;0;Türkçe;0;;1;Aktif;;
Ateşten Gömlek;H. Edip Adıvar;;;EBS-KTP-0772;Türk Edebiyatı / Cumhuriyet Dönemi;0;Türkçe;0;;1;Aktif;;
Dağa Çıkan Kurt;H. Edip Adıvar;;;EBS-KTP-0773;Türk Edebiyatı / Cumhuriyet Dönemi;0;Türkçe;0;;1;Aktif;;
Döner Ayna;H. Edip Adıvar;;;EBS-KTP-0774;Türk Edebiyatı / Cumhuriyet Dönemi;0;Türkçe;0;;1;Aktif;;
Handan;H. Edip Adıvar;;;EBS-KTP-0775;Türk Edebiyatı / Cumhuriyet Dönemi;0;Türkçe;0;;1;Aktif;;
Harap Mabetler;H. Edip Adıvar;;;EBS-KTP-0776;Türk Edebiyatı / Cumhuriyet Dönemi;0;Türkçe;0;;1;Aktif;;
Hayat Parçaları;H. Edip Adıvar;;;EBS-KTP-0777;Türk Edebiyatı / Cumhuriyet Dönemi;0;Türkçe;0;;1;Aktif;;
Heyula;H. Edip Adıvar;;;EBS-KTP-0778;Türk Edebiyatı / Cumhuriyet Dönemi;0;Türkçe;0;;1;Aktif;;
İzmir’den Bursa’ya;H. Edip Adıvar;;;EBS-KTP-0779;Türk Edebiyatı / Cumhuriyet Dönemi;0;Türkçe;0;;1;Aktif;;
Kalp Ağrısı;H. Edip Adıvar;;;EBS-KTP-0780;Türk Edebiyatı / Cumhuriyet Dönemi;0;Türkçe;0;;1;Aktif;;
Kenan Çobanları;H. Edip Adıvar;;;EBS-KTP-0781;Türk Edebiyatı / Cumhuriyet Dönemi;0;Türkçe;0;;1;Aktif;;
Kerim Ustanın Oğlu;H. Edip Adıvar;;;EBS-KTP-0782;Türk Edebiyatı / Cumhuriyet Dönemi;0;Türkçe;0;;1;Aktif;;
Maske Ve Ruh;H. Edip Adıvar;;;EBS-KTP-0783;Türk Edebiyatı / Cumhuriyet Dönemi;0;Türkçe;0;;1;Aktif;;
Mev’ud Hüküm;H. Edip Adıvar;;;EBS-KTP-0784;Türk Edebiyatı / Cumhuriyet Dönemi;0;Türkçe;0;;1;Aktif;;
Mor Salkımlı Ev;H. Edip Adıvar;;;EBS-KTP-0785;Türk Edebiyatı / Cumhuriyet Dönemi;0;Türkçe;0;;1;Aktif;;
Refik’in Annesi;H. Edip Adıvar;;;EBS-KTP-0786;Türk Edebiyatı / Cumhuriyet Dönemi;0;Türkçe;0;;1;Aktif;;
Sevda Sokağı Komedyası;H. Edip Adıvar;;;EBS-KTP-0787;Türk Edebiyatı / Cumhuriyet Dönemi;0;Türkçe;0;;1;Aktif;;
Sinekli Bakkal;H. Edip Adıvar;;;EBS-KTP-0788;Türk Edebiyatı / Cumhuriyet Dönemi;0;Türkçe;0;;1;Aktif;;
Sonsuz Panayır;H. Edip Adıvar;;;EBS-KTP-0789;Türk Edebiyatı / Cumhuriyet Dönemi;0;Türkçe;0;;1;Aktif;;
Tatarcık;H. Edip Adıvar;;;EBS-KTP-0790;Türk Edebiyatı / Cumhuriyet Dönemi;0;Türkçe;0;;1;Aktif;;
Türk’ün Ateşle İmtihanı;H. Edip Adıvar;;;EBS-KTP-0791;Türk Edebiyatı / Cumhuriyet Dönemi;0;Türkçe;0;;1;Aktif;;
Vurun Kahpeye;H. Edip Adıvar;;;EBS-KTP-0792;Türk Edebiyatı / Cumhuriyet Dönemi;0;Türkçe;0;;1;Aktif;;
Yeni Turan;H. Edip Adıvar;;;EBS-KTP-0793;Türk Edebiyatı / Cumhuriyet Dönemi;0;Türkçe;0;;1;Aktif;;
Yolpalas Cinayeti;H. Edip Adıvar;;;EBS-KTP-0794;Türk Edebiyatı / Cumhuriyet Dönemi;0;Türkçe;0;;1;Aktif;;
Zeyno’nun Oğlu;H. Edip Adıvar;;;EBS-KTP-0795;Türk Edebiyatı / Cumhuriyet Dönemi;0;Türkçe;0;;1;Aktif;;
Çaresaz;H. Edip Adıvar;;;EBS-KTP-0796;Türk Edebiyatı / Cumhuriyet Dönemi;0;Türkçe;0;;1;Aktif;;
Aruza Veda;H. Fahri Ozansoy;;;EBS-KTP-0797;Türk Edebiyatı / Cumhuriyet Dönemi;0;Türkçe;0;;1;Aktif;;
Aşıklar Yolunun Yolcuları;H. Fahri Ozansoy;;;EBS-KTP-0798;Türk Edebiyatı / Cumhuriyet Dönemi;0;Türkçe;0;;1;Aktif;;
Baykuş;H. Fahri Ozansoy;;;EBS-KTP-0799;Türk Edebiyatı / Cumhuriyet Dönemi;0;Türkçe;0;;1;Aktif;;
Bir Dolaptır Dönüyor;H. Fahri Ozansoy;;;EBS-KTP-0800;Türk Edebiyatı / Cumhuriyet Dönemi;0;Türkçe;0;;1;Aktif;;
Bulutlara Yakın;H. Fahri Ozansoy;;;EBS-KTP-0801;Türk Edebiyatı / Cumhuriyet Dönemi;0;Türkçe;0;;1;Aktif;;
Cenk Duyguları;H. Fahri Ozansoy;;;EBS-KTP-0802;Türk Edebiyatı / Cumhuriyet Dönemi;0;Türkçe;0;;1;Aktif;;
Edebiyatçılar Geçiyor;H. Fahri Ozansoy;;;EBS-KTP-0803;Türk Edebiyatı / Cumhuriyet Dönemi;0;Türkçe;0;;1;Aktif;;
Efsaneler;H. Fahri Ozansoy;;;EBS-KTP-0804;Türk Edebiyatı / Cumhuriyet Dönemi;0;Türkçe;0;;1;Aktif;;
Eski İstanbul Ramazanları;H. Fahri Ozansoy;;;EBS-KTP-0805;Türk Edebiyatı / Cumhuriyet Dönemi;0;Türkçe;0;;1;Aktif;;
Hayalet;H. Fahri Ozansoy;;;EBS-KTP-0806;Türk Edebiyatı / Cumhuriyet Dönemi;0;Türkçe;0;;1;Aktif;;
İki Yanda;H. Fahri Ozansoy;;;EBS-KTP-0807;Türk Edebiyatı / Cumhuriyet Dönemi;0;Türkçe;0;;1;Aktif;;
İlk Şair;H. Fahri Ozansoy;;;EBS-KTP-0808;Türk Edebiyatı / Cumhuriyet Dönemi;0;Türkçe;0;;1;Aktif;;
Sonsuz Gecelerin Ötesinde;H. Fahri Ozansoy;;;EBS-KTP-0809;Türk Edebiyatı / Cumhuriyet Dönemi;0;Türkçe;0;;1;Aktif;;
Sulara Giden Köprü;H. Fahri Ozansoy;;;EBS-KTP-0810;Türk Edebiyatı / Cumhuriyet Dönemi;0;Türkçe;0;;1;Aktif;;
Sönen Kandiller;H. Fahri Ozansoy;;;EBS-KTP-0811;Türk Edebiyatı / Cumhuriyet Dönemi;0;Türkçe;0;;1;Aktif;;
Zakkum;H. Fahri Ozansoy;;;EBS-KTP-0812;Türk Edebiyatı / Cumhuriyet Dönemi;0;Türkçe;0;;1;Aktif;;
Aydınlık Kapı;H. Nusret Zorlutuna;;;EBS-KTP-0813;Türk Edebiyatı / Cumhuriyet Dönemi;0;Türkçe;0;;1;Aktif;;
Aşk Ve Zafer;H. Nusret Zorlutuna;;;EBS-KTP-0814;Türk Edebiyatı / Cumhuriyet Dönemi;0;Türkçe;0;;1;Aktif;;
Beyaz Selvi;H. Nusret Zorlutuna;;;EBS-KTP-0815;Türk Edebiyatı / Cumhuriyet Dönemi;0;Türkçe;0;;1;Aktif;;
Büyük Anne;H. Nusret Zorlutuna;;;EBS-KTP-0816;Türk Edebiyatı / Cumhuriyet Dönemi;0;Türkçe;0;;1;Aktif;;
Ellerim Bomboş;H. Nusret Zorlutuna;;;EBS-KTP-0817;Türk Edebiyatı / Cumhuriyet Dönemi;0;Türkçe;0;;1;Aktif;;
Geceden Taşan Dertler;H. Nusret Zorlutuna;;;EBS-KTP-0818;Türk Edebiyatı / Cumhuriyet Dönemi;0;Türkçe;0;;1;Aktif;;
Gülün Babası Kim;H. Nusret Zorlutuna;;;EBS-KTP-0819;Türk Edebiyatı / Cumhuriyet Dönemi;0;Türkçe;0;;1;Aktif;;
Küller;H. Nusret Zorlutuna;;;EBS-KTP-0820;Türk Edebiyatı / Cumhuriyet Dönemi;0;Türkçe;0;;1;Aktif;;
Sisli Geceler;H. Nusret Zorlutuna;;;EBS-KTP-0821;Türk Edebiyatı / Cumhuriyet Dönemi;0;Türkçe;0;;1;Aktif;;
Yayla Türküsü;H. Nusret Zorlutuna;;;EBS-KTP-0822;Türk Edebiyatı / Cumhuriyet Dönemi;0;Türkçe;0;;1;Aktif;;
Yurdumun Dört Bucağı;H. Nusret Zorlutuna;;;EBS-KTP-0823;Türk Edebiyatı / Cumhuriyet Dönemi;0;Türkçe;0;;1;Aktif;;
Aşk-ı Memnu;H. Ziya Uşaklıgil;;;EBS-KTP-0824;Türk Edebiyatı / Cumhuriyet Dönemi;0;Türkçe;0;;1;Aktif;;
Aşka Dair;H. Ziya Uşaklıgil;;;EBS-KTP-0825;Türk Edebiyatı / Cumhuriyet Dönemi;0;Türkçe;0;;1;Aktif;;
Bir Ölünün Defteri;H. Ziya Uşaklıgil;;;EBS-KTP-0826;Türk Edebiyatı / Cumhuriyet Dönemi;0;Türkçe;0;;1;Aktif;;
Fare;H. Ziya Uşaklıgil;;;EBS-KTP-0827;Türk Edebiyatı / Cumhuriyet Dönemi;0;Türkçe;0;;1;Aktif;;
Ferdi Ve Şürekası;H. Ziya Uşaklıgil;;;EBS-KTP-0828;Türk Edebiyatı / Cumhuriyet Dönemi;0;Türkçe;0;;1;Aktif;;
Hepsinden Acı;H. Ziya Uşaklıgil;;;EBS-KTP-0829;Türk Edebiyatı / Cumhuriyet Dönemi;0;Türkçe;0;;1;Aktif;;
İzmir Hatıraları;H. Ziya Uşaklıgil;;;EBS-KTP-0830;Türk Edebiyatı / Cumhuriyet Dönemi;0;Türkçe;0;;1;Aktif;;
Kabus;H. Ziya Uşaklıgil;;;EBS-KTP-0831;Türk Edebiyatı / Cumhuriyet Dönemi;0;Türkçe;0;;1;Aktif;;
Kadın Pençesi;H. Ziya Uşaklıgil;;;EBS-KTP-0832;Türk Edebiyatı / Cumhuriyet Dönemi;0;Türkçe;0;;1;Aktif;;
Kır Yıl;H. Ziya Uşaklıgil;;;EBS-KTP-0833;Türk Edebiyatı / Cumhuriyet Dönemi;0;Türkçe;0;;1;Aktif;;
Kırık Hayatlar;H. Ziya Uşaklıgil;;;EBS-KTP-0834;Türk Edebiyatı / Cumhuriyet Dönemi;0;Türkçe;0;;1;Aktif;;
Mai Ve Siyah;H. Ziya Uşaklıgil;;;EBS-KTP-0835;Türk Edebiyatı / Cumhuriyet Dönemi;0;Türkçe;0;;1;Aktif;;
Mezardan Sesler;H. Ziya Uşaklıgil;;;EBS-KTP-0836;Türk Edebiyatı / Cumhuriyet Dönemi;0;Türkçe;0;;1;Aktif;;
Nemide;H. Ziya Uşaklıgil;;;EBS-KTP-0837;Türk Edebiyatı / Cumhuriyet Dönemi;0;Türkçe;0;;1;Aktif;;
Onu Beklerken;H. Ziya Uşaklıgil;;;EBS-KTP-0838;Türk Edebiyatı / Cumhuriyet Dönemi;0;Türkçe;0;;1;Aktif;;
Saray Ve Ötesi;H. Ziya Uşaklıgil;;;EBS-KTP-0839;Türk Edebiyatı / Cumhuriyet Dönemi;0;Türkçe;0;;1;Aktif;;
Sefile;H. Ziya Uşaklıgil;;;EBS-KTP-0840;Türk Edebiyatı / Cumhuriyet Dönemi;0;Türkçe;0;;1;Aktif;;
Solgun Demet;H. Ziya Uşaklıgil;;;EBS-KTP-0841;Türk Edebiyatı / Cumhuriyet Dönemi;0;Türkçe;0;;1;Aktif;;
Yazın Tarihi;H. Ziya Uşaklıgil;;;EBS-KTP-0842;Türk Edebiyatı / Cumhuriyet Dönemi;0;Türkçe;0;;1;Aktif;;
Astronot Niyazi;Haldun Taner;;;EBS-KTP-0843;Türk Edebiyatı / Cumhuriyet Dönemi;0;Türkçe;0;;1;Aktif;;
Ay Işığında Çalışkur;Haldun Taner;;;EBS-KTP-0844;Türk Edebiyatı / Cumhuriyet Dönemi;0;Türkçe;0;;1;Aktif;;
Ayışığında Şamata;Haldun Taner;;;EBS-KTP-0845;Türk Edebiyatı / Cumhuriyet Dönemi;0;Türkçe;0;;1;Aktif;;
Aşk-U Sevda;Haldun Taner;;;EBS-KTP-0846;Türk Edebiyatı / Cumhuriyet Dönemi;0;Türkçe;0;;1;Aktif;;
Berlin Mektupları;Haldun Taner;;;EBS-KTP-0847;Türk Edebiyatı / Cumhuriyet Dönemi;0;Türkçe;0;;1;Aktif;;
Bu Şehr-İstanbul Ki;Haldun Taner;;;EBS-KTP-0848;Türk Edebiyatı / Cumhuriyet Dönemi;0;Türkçe;0;;1;Aktif;;
Dev Aynası;Haldun Taner;;;EBS-KTP-0849;Türk Edebiyatı / Cumhuriyet Dönemi;0;Türkçe;0;;1;Aktif;;
Devekuşuna Mektuplar;Haldun Taner;;;EBS-KTP-0850;Türk Edebiyatı / Cumhuriyet Dönemi;0;Türkçe;0;;1;Aktif;;
Dün Bugün;Haldun Taner;;;EBS-KTP-0851;Türk Edebiyatı / Cumhuriyet Dönemi;0;Türkçe;0;;1;Aktif;;
Düşsem Yollara;Haldun Taner;;;EBS-KTP-0852;Türk Edebiyatı / Cumhuriyet Dönemi;0;Türkçe;0;;1;Aktif;;
Eşeğin Gölgesi;Haldun Taner;;;EBS-KTP-0853;Türk Edebiyatı / Cumhuriyet Dönemi;0;Türkçe;0;;1;Aktif;;
Fazilet Eczanesi;Haldun Taner;;;EBS-KTP-0854;Türk Edebiyatı / Cumhuriyet Dönemi;0;Türkçe;0;;1;Aktif;;
Gözlerimi Kaparım Vazifemi Yaparım;Haldun Taner;;;EBS-KTP-0855;Türk Edebiyatı / Cumhuriyet Dönemi;0;Türkçe;0;;1;Aktif;;
Günün Adamı;Haldun Taner;;;EBS-KTP-0856;Türk Edebiyatı / Cumhuriyet Dönemi;0;Türkçe;0;;1;Aktif;;
Ha Bu Diyar;Haldun Taner;;;EBS-KTP-0857;Türk Edebiyatı / Cumhuriyet Dönemi;0;Türkçe;0;;1;Aktif;;
Hak Dostum Diye Başlayım Söze;Haldun Taner;;;EBS-KTP-0858;Türk Edebiyatı / Cumhuriyet Dönemi;0;Türkçe;0;;1;Aktif;;
Hayırdır İnşallah;Haldun Taner;;;EBS-KTP-0859;Türk Edebiyatı / Cumhuriyet Dönemi;0;Türkçe;0;;1;Aktif;;
Keşanlı Ali Destanı;Haldun Taner;;;EBS-KTP-0860;Türk Edebiyatı / Cumhuriyet Dönemi;0;Türkçe;0;;1;Aktif;;
Koyma Akıl Oyna Akıl;Haldun Taner;;;EBS-KTP-0861;Türk Edebiyatı / Cumhuriyet Dönemi;0;Türkçe;0;;1;Aktif;;
Kızıl Saçlı Amazon;Haldun Taner;;;EBS-KTP-0862;Türk Edebiyatı / Cumhuriyet Dönemi;0;Türkçe;0;;1;Aktif;;
Lütfen Dokunmayın;Haldun Taner;;;EBS-KTP-0863;Türk Edebiyatı / Cumhuriyet Dönemi;0;Türkçe;0;;1;Aktif;;
On İkiye Bir Var;Haldun Taner;;;EBS-KTP-0864;Türk Edebiyatı / Cumhuriyet Dönemi;0;Türkçe;0;;1;Aktif;;
Sancho’nun Sabah Yürüyüşü;Haldun Taner;;;EBS-KTP-0865;Türk Edebiyatı / Cumhuriyet Dönemi;0;Türkçe;0;;1;Aktif;;
Sersem Kocanın Kurnaz Karısı;Haldun Taner;;;EBS-KTP-0866;Türk Edebiyatı / Cumhuriyet Dönemi;0;Türkçe;0;;1;Aktif;;
Vatan Kurtaran Şaban;Haldun Taner;;;EBS-KTP-0867;Türk Edebiyatı / Cumhuriyet Dönemi;0;Türkçe;0;;1;Aktif;;
Ve Değirmen Dönerdi;Haldun Taner;;;EBS-KTP-0868;Türk Edebiyatı / Cumhuriyet Dönemi;0;Türkçe;0;;1;Aktif;;
Yar Bana Bir Eğlence;Haldun Taner;;;EBS-KTP-0869;Türk Edebiyatı / Cumhuriyet Dönemi;0;Türkçe;0;;1;Aktif;;
Yaz Boz Tahtası;Haldun Taner;;;EBS-KTP-0870;Türk Edebiyatı / Cumhuriyet Dönemi;0;Türkçe;0;;1;Aktif;;
Yaşasın Demokrasi;Haldun Taner;;;EBS-KTP-0871;Türk Edebiyatı / Cumhuriyet Dönemi;0;Türkçe;0;;1;Aktif;;
Zilli Zarife;Haldun Taner;;;EBS-KTP-0872;Türk Edebiyatı / Cumhuriyet Dönemi;0;Türkçe;0;;1;Aktif;;
Çok Güzelsin Gitme Dur;Haldun Taner;;;EBS-KTP-0873;Türk Edebiyatı / Cumhuriyet Dönemi;0;Türkçe;0;;1;Aktif;;
Önce İnsan Olmak;Haldun Taner;;;EBS-KTP-0874;Türk Edebiyatı / Cumhuriyet Dönemi;0;Türkçe;0;;1;Aktif;;
Şişhane’ye Yağmur Yağıyordu;Haldun Taner;;;EBS-KTP-0875;Türk Edebiyatı / Cumhuriyet Dönemi;0;Türkçe;0;;1;Aktif;;
Bir Dehanın Romanı;Hasan Ali Yücel;;;EBS-KTP-0876;Türk Edebiyatı / Cumhuriyet Dönemi;0;Türkçe;0;;1;Aktif;;
Davalar Ve Neticeleri;Hasan Ali Yücel;;;EBS-KTP-0877;Türk Edebiyatı / Cumhuriyet Dönemi;0;Türkçe;0;;1;Aktif;;
Dinle Benden;Hasan Ali Yücel;;;EBS-KTP-0878;Türk Edebiyatı / Cumhuriyet Dönemi;0;Türkçe;0;;1;Aktif;;
Dönen Ses;Hasan Ali Yücel;;;EBS-KTP-0879;Türk Edebiyatı / Cumhuriyet Dönemi;0;Türkçe;0;;1;Aktif;;
Edebiyat Tarihimizden;Hasan Ali Yücel;;;EBS-KTP-0880;Türk Edebiyatı / Cumhuriyet Dönemi;0;Türkçe;0;;1;Aktif;;
Hürriyet Gene Hürriyet;Hasan Ali Yücel;;;EBS-KTP-0881;Türk Edebiyatı / Cumhuriyet Dönemi;0;Türkçe;0;;1;Aktif;;
Hürriyete Doğru;Hasan Ali Yücel;;;EBS-KTP-0882;Türk Edebiyatı / Cumhuriyet Dönemi;0;Türkçe;0;;1;Aktif;;
İngiltere Mektupları;Hasan Ali Yücel;;;EBS-KTP-0883;Türk Edebiyatı / Cumhuriyet Dönemi;0;Türkçe;0;;1;Aktif;;
İyi Vatandaş İyi İnsan;Hasan Ali Yücel;;;EBS-KTP-0884;Türk Edebiyatı / Cumhuriyet Dönemi;0;Türkçe;0;;1;Aktif;;
İçten Dışa;Hasan Ali Yücel;;;EBS-KTP-0885;Türk Edebiyatı / Cumhuriyet Dönemi;0;Türkçe;0;;1;Aktif;;
Kıbrıs Mektupları;Hasan Ali Yücel;;;EBS-KTP-0886;Türk Edebiyatı / Cumhuriyet Dönemi;0;Türkçe;0;;1;Aktif;;
Pazartesi Konuşmaları;Hasan Ali Yücel;;;EBS-KTP-0887;Türk Edebiyatı / Cumhuriyet Dönemi;0;Türkçe;0;;1;Aktif;;
Sizin İçin;Hasan Ali Yücel;;;EBS-KTP-0888;Türk Edebiyatı / Cumhuriyet Dönemi;0;Türkçe;0;;1;Aktif;;
Türk Edebiyatına Toplu Bir Bakış;Hasan Ali Yücel;;;EBS-KTP-0889;Türk Edebiyatı / Cumhuriyet Dönemi;0;Türkçe;0;;1;Aktif;;
Türkiye’de Maarif;Hasan Ali Yücel;;;EBS-KTP-0890;Türk Edebiyatı / Cumhuriyet Dönemi;0;Türkçe;0;;1;Aktif;;
Türkiye’de Ortaöğretim;Hasan Ali Yücel;;;EBS-KTP-0891;Türk Edebiyatı / Cumhuriyet Dönemi;0;Türkçe;0;;1;Aktif;;
Atatürk’üm;İ. Zeki Burdurlu;;;EBS-KTP-0892;Türk Edebiyatı / Cumhuriyet Dönemi;0;Türkçe;0;;1;Aktif;;
Basık Tavan;İ. Zeki Burdurlu;;;EBS-KTP-0893;Türk Edebiyatı / Cumhuriyet Dönemi;0;Türkçe;0;;1;Aktif;;
Bir Köyden Bir İnsan Lefkoşa;İ. Zeki Burdurlu;;;EBS-KTP-0894;Türk Edebiyatı / Cumhuriyet Dönemi;0;Türkçe;0;;1;Aktif;;
Burdur’daki Mahallemiz;İ. Zeki Burdurlu;;;EBS-KTP-0895;Türk Edebiyatı / Cumhuriyet Dönemi;0;Türkçe;0;;1;Aktif;;
Can Memiş;İ. Zeki Burdurlu;;;EBS-KTP-0896;Türk Edebiyatı / Cumhuriyet Dönemi;0;Türkçe;0;;1;Aktif;;
Günaydın Yavru Kıbrıs;İ. Zeki Burdurlu;;;EBS-KTP-0897;Türk Edebiyatı / Cumhuriyet Dönemi;0;Türkçe;0;;1;Aktif;;
İzmir’in Mor Atları;İ. Zeki Burdurlu;;;EBS-KTP-0898;Türk Edebiyatı / Cumhuriyet Dönemi;0;Türkçe;0;;1;Aktif;;
Keloğlan;İ. Zeki Burdurlu;;;EBS-KTP-0899;Türk Edebiyatı / Cumhuriyet Dönemi;0;Türkçe;0;;1;Aktif;;
Minnacık Ada;İ. Zeki Burdurlu;;;EBS-KTP-0900;Türk Edebiyatı / Cumhuriyet Dönemi;0;Türkçe;0;;1;Aktif;;
Toprak İnsanları;İ. Zeki Burdurlu;;;EBS-KTP-0901;Türk Edebiyatı / Cumhuriyet Dönemi;0;Türkçe;0;;1;Aktif;;
Toprağın İçindeki Toprak;İ. Zeki Burdurlu;;;EBS-KTP-0902;Türk Edebiyatı / Cumhuriyet Dönemi;0;Türkçe;0;;1;Aktif;;
Öğretmen Şairler Ant.;İ. Zeki Burdurlu;;;EBS-KTP-0903;Türk Edebiyatı / Cumhuriyet Dönemi;0;Türkçe;0;;1;Aktif;;
Şiirimizde Öğretmen;İ. Zeki Burdurlu;;;EBS-KTP-0904;Türk Edebiyatı / Cumhuriyet Dönemi;0;Türkçe;0;;1;Aktif;;
Almanya Öyküsü;İbrahim Örs;;;EBS-KTP-0905;Türk Edebiyatı / Cumhuriyet Dönemi;0;Türkçe;0;;1;Aktif;;
Balıklı Köy;İbrahim Örs;;;EBS-KTP-0906;Türk Edebiyatı / Cumhuriyet Dönemi;0;Türkçe;0;;1;Aktif;;
Canbazlar Kralı;İbrahim Örs;;;EBS-KTP-0907;Türk Edebiyatı / Cumhuriyet Dönemi;0;Türkçe;0;;1;Aktif;;
Muhtarın Yeğenleri;İbrahim Örs;;;EBS-KTP-0908;Türk Edebiyatı / Cumhuriyet Dönemi;0;Türkçe;0;;1;Aktif;;
Mücahidin Oğlu;İbrahim Örs;;;EBS-KTP-0909;Türk Edebiyatı / Cumhuriyet Dönemi;0;Türkçe;0;;1;Aktif;;
Onur Çocuğu;İbrahim Örs;;;EBS-KTP-0910;Türk Edebiyatı / Cumhuriyet Dönemi;0;Türkçe;0;;1;Aktif;;
Bahar Hikayeleri;K. Hulusi Koray;;;EBS-KTP-0911;Türk Edebiyatı / Cumhuriyet Dönemi;0;Türkçe;0;;1;Aktif;;
Bir Otelde Yedi Kişi;K. Hulusi Koray;;;EBS-KTP-0912;Türk Edebiyatı / Cumhuriyet Dönemi;0;Türkçe;0;;1;Aktif;;
Bir Yudum Su;K. Hulusi Koray;;;EBS-KTP-0913;Türk Edebiyatı / Cumhuriyet Dönemi;0;Türkçe;0;;1;Aktif;;
Büyük Öykü;K. Hulusi Koray;;;EBS-KTP-0914;Türk Edebiyatı / Cumhuriyet Dönemi;0;Türkçe;0;;1;Aktif;;
Osmanoflar;K. Hulusi Koray;;;EBS-KTP-0915;Türk Edebiyatı / Cumhuriyet Dönemi;0;Türkçe;0;;1;Aktif;;
Son Öpüş;K. Hulusi Koray;;;EBS-KTP-0916;Türk Edebiyatı / Cumhuriyet Dönemi;0;Türkçe;0;;1;Aktif;;
Anadolu’dan Hikayeler;Kemal Bilbaşar;;;EBS-KTP-0917;Türk Edebiyatı / Cumhuriyet Dönemi;0;Türkçe;0;;1;Aktif;;
Ay Tutulduğu Gece;Kemal Bilbaşar;;;EBS-KTP-0918;Türk Edebiyatı / Cumhuriyet Dönemi;0;Türkçe;0;;1;Aktif;;
Başka Olur Ağaların Düğünü;Kemal Bilbaşar;;;EBS-KTP-0919;Türk Edebiyatı / Cumhuriyet Dönemi;0;Türkçe;0;;1;Aktif;;
Bedoş;Kemal Bilbaşar;;;EBS-KTP-0920;Türk Edebiyatı / Cumhuriyet Dönemi;0;Türkçe;0;;1;Aktif;;
Cemo;Kemal Bilbaşar;;;EBS-KTP-0921;Türk Edebiyatı / Cumhuriyet Dönemi;0;Türkçe;0;;1;Aktif;;
Cevizli Bahçe;Kemal Bilbaşar;;;EBS-KTP-0922;Türk Edebiyatı / Cumhuriyet Dönemi;0;Türkçe;0;;1;Aktif;;
Denizin Çağrılışı;Kemal Bilbaşar;;;EBS-KTP-0923;Türk Edebiyatı / Cumhuriyet Dönemi;0;Türkçe;0;;1;Aktif;;
Irgatların Öfkesi;Kemal Bilbaşar;;;EBS-KTP-0924;Türk Edebiyatı / Cumhuriyet Dönemi;0;Türkçe;0;;1;Aktif;;
Kurbağa Çifliği;Kemal Bilbaşar;;;EBS-KTP-0925;Türk Edebiyatı / Cumhuriyet Dönemi;0;Türkçe;0;;1;Aktif;;
Kölelik Dönemeci;Kemal Bilbaşar;;;EBS-KTP-0926;Türk Edebiyatı / Cumhuriyet Dönemi;0;Türkçe;0;;1;Aktif;;
Memo;Kemal Bilbaşar;;;EBS-KTP-0927;Türk Edebiyatı / Cumhuriyet Dönemi;0;Türkçe;0;;1;Aktif;;
Pazarlık;Kemal Bilbaşar;;;EBS-KTP-0928;Türk Edebiyatı / Cumhuriyet Dönemi;0;Türkçe;0;;1;Aktif;;
Pembe Kurt;Kemal Bilbaşar;;;EBS-KTP-0929;Türk Edebiyatı / Cumhuriyet Dönemi;0;Türkçe;0;;1;Aktif;;
Yeşil Gölge;Kemal Bilbaşar;;;EBS-KTP-0930;Türk Edebiyatı / Cumhuriyet Dönemi;0;Türkçe;0;;1;Aktif;;
Yonca Kız;Kemal Bilbaşar;;;EBS-KTP-0931;Türk Edebiyatı / Cumhuriyet Dönemi;0;Türkçe;0;;1;Aktif;;
Zühre Ninem;Kemal Bilbaşar;;;EBS-KTP-0932;Türk Edebiyatı / Cumhuriyet Dönemi;0;Türkçe;0;;1;Aktif;;
Üç Buutlu Hikayeler;Kemal Bilbaşar;;;EBS-KTP-0933;Türk Edebiyatı / Cumhuriyet Dönemi;0;Türkçe;0;;1;Aktif;;
Bir Mülkiyet Kalesi;Kemal Tahir;;;EBS-KTP-0934;Türk Edebiyatı / Cumhuriyet Dönemi;0;Türkçe;0;;1;Aktif;;
Bozkırdaki Çekirdek;Kemal Tahir;;;EBS-KTP-0935;Türk Edebiyatı / Cumhuriyet Dönemi;0;Türkçe;0;;1;Aktif;;
Büyük Mal;Kemal Tahir;;;EBS-KTP-0936;Türk Edebiyatı / Cumhuriyet Dönemi;0;Türkçe;0;;1;Aktif;;
Damağacı;Kemal Tahir;;;EBS-KTP-0937;Türk Edebiyatı / Cumhuriyet Dönemi;0;Türkçe;0;;1;Aktif;;
Devlet Ana;Kemal Tahir;;;EBS-KTP-0938;Türk Edebiyatı / Cumhuriyet Dönemi;0;Türkçe;0;;1;Aktif;;
Esir Şehrin İnsanları;Kemal Tahir;;;EBS-KTP-0939;Türk Edebiyatı / Cumhuriyet Dönemi;0;Türkçe;0;;1;Aktif;;
Esir Şehrin Mahpusu;Kemal Tahir;;;EBS-KTP-0940;Türk Edebiyatı / Cumhuriyet Dönemi;0;Türkçe;0;;1;Aktif;;
Göl İnsanları;Kemal Tahir;;;EBS-KTP-0941;Türk Edebiyatı / Cumhuriyet Dönemi;0;Türkçe;0;;1;Aktif;;
Hür Şehrin İnsanları;Kemal Tahir;;;EBS-KTP-0942;Türk Edebiyatı / Cumhuriyet Dönemi;0;Türkçe;0;;1;Aktif;;
Karılar Koğuşu;Kemal Tahir;;;EBS-KTP-0943;Türk Edebiyatı / Cumhuriyet Dönemi;0;Türkçe;0;;1;Aktif;;
Kelleci Mehmet;Kemal Tahir;;;EBS-KTP-0944;Türk Edebiyatı / Cumhuriyet Dönemi;0;Türkçe;0;;1;Aktif;;
Kurt Kanunu;Kemal Tahir;;;EBS-KTP-0945;Türk Edebiyatı / Cumhuriyet Dönemi;0;Türkçe;0;;1;Aktif;;
Köyün Kamburu;Kemal Tahir;;;EBS-KTP-0946;Türk Edebiyatı / Cumhuriyet Dönemi;0;Türkçe;0;;1;Aktif;;
Namusçular;Kemal Tahir;;;EBS-KTP-0947;Türk Edebiyatı / Cumhuriyet Dönemi;0;Türkçe;0;;1;Aktif;;
Rahmet Yolları Kesti;Kemal Tahir;;;EBS-KTP-0948;Türk Edebiyatı / Cumhuriyet Dönemi;0;Türkçe;0;;1;Aktif;;
Sağırdere;Kemal Tahir;;;EBS-KTP-0949;Türk Edebiyatı / Cumhuriyet Dönemi;0;Türkçe;0;;1;Aktif;;
Yedi Çınar Yaylası;Kemal Tahir;;;EBS-KTP-0950;Türk Edebiyatı / Cumhuriyet Dönemi;0;Türkçe;0;;1;Aktif;;
Yol Ayrımı;Kemal Tahir;;;EBS-KTP-0951;Türk Edebiyatı / Cumhuriyet Dönemi;0;Türkçe;0;;1;Aktif;;
Yorgun Savaşçı;Kemal Tahir;;;EBS-KTP-0952;Türk Edebiyatı / Cumhuriyet Dönemi;0;Türkçe;0;;1;Aktif;;
Bingöl Çobanları;Kemalettin Kamu;;;EBS-KTP-0953;Türk Edebiyatı / Cumhuriyet Dönemi;0;Türkçe;0;;1;Aktif;;
Gurbet Geceleri;Kemalettin Kamu;;;EBS-KTP-0954;Türk Edebiyatı / Cumhuriyet Dönemi;0;Türkçe;0;;1;Aktif;;
Gurbet Gurbette;Kemalettin Kamu;;;EBS-KTP-0955;Türk Edebiyatı / Cumhuriyet Dönemi;0;Türkçe;0;;1;Aktif;;
Güz;Kemalettin Kamu;;;EBS-KTP-0956;Türk Edebiyatı / Cumhuriyet Dönemi;0;Türkçe;0;;1;Aktif;;
Hazan Yolcusunda;Kemalettin Kamu;;;EBS-KTP-0957;Türk Edebiyatı / Cumhuriyet Dönemi;0;Türkçe;0;;1;Aktif;;
İrşad;Kemalettin Kamu;;;EBS-KTP-0958;Türk Edebiyatı / Cumhuriyet Dönemi;0;Türkçe;0;;1;Aktif;;
İzmir’e Tahassur;Kemalettin Kamu;;;EBS-KTP-0959;Türk Edebiyatı / Cumhuriyet Dönemi;0;Türkçe;0;;1;Aktif;;
Kimsesizlik;Kemalettin Kamu;;;EBS-KTP-0960;Türk Edebiyatı / Cumhuriyet Dönemi;0;Türkçe;0;;1;Aktif;;
Renkler;Kemalettin Kamu;;;EBS-KTP-0961;Türk Edebiyatı / Cumhuriyet Dönemi;0;Türkçe;0;;1;Aktif;;
Söğüt;Kemalettin Kamu;;;EBS-KTP-0962;Türk Edebiyatı / Cumhuriyet Dönemi;0;Türkçe;0;;1;Aktif;;
Hitabet Dersleri;M. Cemal Kuntay;;;EBS-KTP-0963;Türk Edebiyatı / Cumhuriyet Dönemi;0;Türkçe;0;;1;Aktif;;
Hitabet Ve Münazaralar Dersleri;M. Cemal Kuntay;;;EBS-KTP-0964;Türk Edebiyatı / Cumhuriyet Dönemi;0;Türkçe;0;;1;Aktif;;
İstiklal Şairi;M. Cemal Kuntay;;;EBS-KTP-0965;Türk Edebiyatı / Cumhuriyet Dönemi;0;Türkçe;0;;1;Aktif;;
Kemal;M. Cemal Kuntay;;;EBS-KTP-0966;Türk Edebiyatı / Cumhuriyet Dönemi;0;Türkçe;0;;1;Aktif;;
Mehmet Akif;M. Cemal Kuntay;;;EBS-KTP-0967;Türk Edebiyatı / Cumhuriyet Dönemi;0;Türkçe;0;;1;Aktif;;
Namık Kemal;M. Cemal Kuntay;;;EBS-KTP-0968;Türk Edebiyatı / Cumhuriyet Dönemi;0;Türkçe;0;;1;Aktif;;
Nefais-i Edebiye;M. Cemal Kuntay;;;EBS-KTP-0969;Türk Edebiyatı / Cumhuriyet Dönemi;0;Türkçe;0;;1;Aktif;;
Sarıklı İhtilalci Ali Suavi;M. Cemal Kuntay;;;EBS-KTP-0970;Türk Edebiyatı / Cumhuriyet Dönemi;0;Türkçe;0;;1;Aktif;;
Türk’ün Şehnamesinden;M. Cemal Kuntay;;;EBS-KTP-0971;Türk Edebiyatı / Cumhuriyet Dönemi;0;Türkçe;0;;1;Aktif;;
Yirmi Sekiz Kanun-ı Evvel;M. Cemal Kuntay;;;EBS-KTP-0972;Türk Edebiyatı / Cumhuriyet Dönemi;0;Türkçe;0;;1;Aktif;;
Üç İstanbul;M. Cemal Kuntay;;;EBS-KTP-0973;Türk Edebiyatı / Cumhuriyet Dönemi;0;Türkçe;0;;1;Aktif;;
Ayaklar;M. Cevdet Anday;;;EBS-KTP-0974;Türk Edebiyatı / Cumhuriyet Dönemi;0;Türkçe;0;;1;Aktif;;
Azerbaycan;M. Cevdet Anday;;;EBS-KTP-0975;Türk Edebiyatı / Cumhuriyet Dönemi;0;Türkçe;0;;1;Aktif;;
Dört Oyun;M. Cevdet Anday;;;EBS-KTP-0976;Türk Edebiyatı / Cumhuriyet Dönemi;0;Türkçe;0;;1;Aktif;;
Gizli Emir;M. Cevdet Anday;;;EBS-KTP-0977;Türk Edebiyatı / Cumhuriyet Dönemi;0;Türkçe;0;;1;Aktif;;
Göçebe Denizin Üstünde;M. Cevdet Anday;;;EBS-KTP-0978;Türk Edebiyatı / Cumhuriyet Dönemi;0;Türkçe;0;;1;Aktif;;
Güneşte;M. Cevdet Anday;;;EBS-KTP-0979;Türk Edebiyatı / Cumhuriyet Dönemi;0;Türkçe;0;;1;Aktif;;
İsa’nın Güncesi;M. Cevdet Anday;;;EBS-KTP-0980;Türk Edebiyatı / Cumhuriyet Dönemi;0;Türkçe;0;;1;Aktif;;
İçerdekiler;M. Cevdet Anday;;;EBS-KTP-0981;Türk Edebiyatı / Cumhuriyet Dönemi;0;Türkçe;0;;1;Aktif;;
Kolları Bağlı Odysseus;M. Cevdet Anday;;;EBS-KTP-0982;Türk Edebiyatı / Cumhuriyet Dönemi;0;Türkçe;0;;1;Aktif;;
Meryem Gibi;M. Cevdet Anday;;;EBS-KTP-0983;Türk Edebiyatı / Cumhuriyet Dönemi;0;Türkçe;0;;1;Aktif;;
Mikado’nun Çöpleri;M. Cevdet Anday;;;EBS-KTP-0984;Türk Edebiyatı / Cumhuriyet Dönemi;0;Türkçe;0;;1;Aktif;;
Rahatı Kaçan Ağaç;M. Cevdet Anday;;;EBS-KTP-0985;Türk Edebiyatı / Cumhuriyet Dönemi;0;Türkçe;0;;1;Aktif;;
Raziye;M. Cevdet Anday;;;EBS-KTP-0986;Türk Edebiyatı / Cumhuriyet Dönemi;0;Türkçe;0;;1;Aktif;;
Sovyet Rusya;M. Cevdet Anday;;;EBS-KTP-0987;Türk Edebiyatı / Cumhuriyet Dönemi;0;Türkçe;0;;1;Aktif;;
Sözcükler;M. Cevdet Anday;;;EBS-KTP-0988;Türk Edebiyatı / Cumhuriyet Dönemi;0;Türkçe;0;;1;Aktif;;
Tanıdık Dünya;M. Cevdet Anday;;;EBS-KTP-0989;Türk Edebiyatı / Cumhuriyet Dönemi;0;Türkçe;0;;1;Aktif;;
Teknelerin Ölümü;M. Cevdet Anday;;;EBS-KTP-0990;Türk Edebiyatı / Cumhuriyet Dönemi;0;Türkçe;0;;1;Aktif;;
Telgrafname;M. Cevdet Anday;;;EBS-KTP-0991;Türk Edebiyatı / Cumhuriyet Dönemi;0;Türkçe;0;;1;Aktif;;
Yan Yana;M. Cevdet Anday;;;EBS-KTP-0992;Türk Edebiyatı / Cumhuriyet Dönemi;0;Türkçe;0;;1;Aktif;;
Yağmurlu Sokaka;M. Cevdet Anday;;;EBS-KTP-0993;Türk Edebiyatı / Cumhuriyet Dönemi;0;Türkçe;0;;1;Aktif;;
Yağmurun Altında;M. Cevdet Anday;;;EBS-KTP-0994;Türk Edebiyatı / Cumhuriyet Dönemi;0;Türkçe;0;;1;Aktif;;
Ölümsüzlük Ardında Gılgamış;M. Cevdet Anday;;;EBS-KTP-0995;Türk Edebiyatı / Cumhuriyet Dönemi;0;Türkçe;0;;1;Aktif;;
Ayaşlı Ve Kiracıları;M. Şevket Esendal;;;EBS-KTP-0996;Türk Edebiyatı / Cumhuriyet Dönemi;0;Türkçe;0;;1;Aktif;;
Bir Küçük Çiçek;M. Şevket Esendal;;;EBS-KTP-0997;Türk Edebiyatı / Cumhuriyet Dönemi;0;Türkçe;0;;1;Aktif;;
Ev Ona Yakıştı;M. Şevket Esendal;;;EBS-KTP-0998;Türk Edebiyatı / Cumhuriyet Dönemi;0;Türkçe;0;;1;Aktif;;
İhtiyar Çilingir;M. Şevket Esendal;;;EBS-KTP-0999;Türk Edebiyatı / Cumhuriyet Dönemi;0;Türkçe;0;;1;Aktif;;
Mendil Altında;M. Şevket Esendal;;;EBS-KTP-1000;Türk Edebiyatı / Cumhuriyet Dönemi;0;Türkçe;0;;1;Aktif;;
